test (3.12.10, windows-11-arm)	UNKNOWN STEP	2026-09-03T20:21:26.2900026Z [gw1]^[[36m [ 99%] ^[[0m^[[32mPASSED^[[0m tests/test_format.py::test_line_ranges_line_by_line[basic] 
test (3.12.10, windows-11-arm)	UNKNOWN STEP	2026-09-03T20:21:26.3408963Z tests/test_format.py::test_line_ranges_line_by_line[function_docstring] 
test (3.12.10, windows-11-arm)	UNKNOWN STEP	2026-09-03T20:21:26.3414480Z [gw1]^[[36m [ 99%] ^[[0m^[[32mPASSED^[[0m tests/test_format.py::test_line_ranges_line_by_line[function_docstring] 
test (3.12.10, windows-11-arm)	UNKNOWN STEP	2026-09-03T20:21:28.4596433Z tests/test_format.py::test_line_ranges_line_by_line[pattern_matching] 
test (3.12.10, windows-11-arm)	UNKNOWN STEP	2026-09-03T20:21:30.4306542Z [gw1]^[[36m [100%] ^[[0m^[[32mPASSED^[[0m tests/test_format.py::test_line_ranges_line_by_line[pattern_matching] 
test (3.12.10, windows-11-arm)	UNKNOWN STEP	2026-09-03T20:21:30.4307076Z 
test (3.12.10, windows-11-arm)	UNKNOWN STEP	2026-09-03T20:21:30.4307244Z ================================== FAILURES ===================================
test (3.12.10, windows-11-arm)	UNKNOWN STEP	2026-09-03T20:21:30.4307815Z ^[[31m^[[1m____________________ BlackTestCase.test_is_filesystem_root ____________________^[[0m
test (3.12.10, windows-11-arm)	UNKNOWN STEP	2026-09-03T20:21:30.4308320Z [gw1] win32 -- Python 3.12.10 C:\a\black\black\.tox\ci-py31210\Scripts\python.EXE
test (3.12.10, windows-11-arm)	UNKNOWN STEP	2026-09-03T20:21:30.4308600Z 
test (3.12.10, windows-11-arm)	UNKNOWN STEP	2026-09-03T20:21:30.4308737Z self = <unittest.case._Outcome object at 0x0000015F81504950>
test (3.12.10, windows-11-arm)	UNKNOWN STEP	2026-09-03T20:21:30.4309156Z test_case = <tests.test_black.BlackTestCase testMethod=test_is_filesystem_root>
test (3.12.10, windows-11-arm)	UNKNOWN STEP	2026-09-03T20:21:30.4310349Z subTest = False
test (3.12.10, windows-11-arm)	UNKNOWN STEP	2026-09-03T20:21:30.4310486Z 
test (3.12.10, windows-11-arm)	UNKNOWN STEP	2026-09-03T20:21:30.4310795Z     ^[[0m^[[37m@contextlib^[[39;49;00m.contextmanager^[[90m^[[39;49;00m
test (3.12.10, windows-11-arm)	UNKNOWN STEP	2026-09-03T20:21:30.4311494Z     ^[[94mdef^[[39;49;00m^[[90m ^[[39;49;00m^[[92mtestPartExecutor^[[39;49;00m(^[[96mself^[[39;49;00m, test_case, subTest=^[[94mFalse^[[39;49;00m):^[[90m^[[39;49;00m
test (3.12.10, windows-11-arm)	UNKNOWN STEP	2026-09-03T20:21:30.4312123Z         old_success = ^[[96mself^[[39;49;00m.success^[[90m^[[39;49;00m
test (3.12.10, windows-11-arm)	UNKNOWN STEP	2026-09-03T20:21:30.4313228Z         ^[[96mself^[[39;49;00m.success = ^[[94mTrue^[[39;49;00m^[[90m^[[39;49;00m
test (3.12.10, windows-11-arm)	UNKNOWN STEP	2026-09-03T20:21:30.4313598Z         ^[[94mtry^[[39;49;00m:^[[90m^[[39;49;00m
test (3.12.10, windows-11-arm)	UNKNOWN STEP	2026-09-03T20:21:30.4314099Z >           ^[[94myield^[[39;49;00m^[[90m^[[39;49;00m
test (3.12.10, windows-11-arm)	UNKNOWN STEP	2026-09-03T20:21:30.4314290Z 
test (3.12.10, windows-11-arm)	UNKNOWN STEP	2026-09-03T20:21:30.4314622Z ^[[1m^[[31mC:\hostedtoolcache\windows\Python\3.12.10\arm64\Lib\unittest\case.py^[[0m:58: 
test (3.12.10, windows-11-arm)	UNKNOWN STEP	2026-09-03T20:21:30.4315050Z _ _ _ _ _ _ _ _ _ _ _ _ _ _ _ _ _ _ _ _ _ _ _ _ _ _ _ _ _ _ _ _ _ _ _ _ _ _ _ _
test (3.12.10, windows-11-arm)	UNKNOWN STEP	2026-09-03T20:21:30.4315549Z ^[[1m^[[31mC:\hostedtoolcache\windows\Python\3.12.10\arm64\Lib\unittest\case.py^[[0m:634: in run
test (3.12.10, windows-11-arm)	UNKNOWN STEP	2026-09-03T20:21:30.4316078Z     ^[[0m^[[96mself^[[39;49;00m._callTestMethod(testMethod)^[[90m^[[39;49;00m
test (3.12.10, windows-11-arm)	UNKNOWN STEP	2026-09-03T20:21:30.4316442Z _ _ _ _ _ _ _ _ _ _ _ _ _ _ _ _ _ _ _ _ _ _ _ _ _ _ _ _ _ _ _ _ _ _ _ _ _ _ _ _
test (3.12.10, windows-11-arm)	UNKNOWN STEP	2026-09-03T20:21:30.4316660Z 
test (3.12.10, windows-11-arm)	UNKNOWN STEP	2026-09-03T20:21:30.4316843Z self = <tests.test_black.BlackTestCase testMethod=test_is_filesystem_root>
test (3.12.10, windows-11-arm)	UNKNOWN STEP	2026-09-03T20:21:30.4319503Z            ^^^^^^^^^[[90m^[[39;49;00m
test (3.12.10, windows-11-arm)	UNKNOWN STEP	2026-09-03T20:21:30.4320050Z ^[[1m^[[31mE       TypeError: BlackTestCase.test_is_filesystem_root() missing 1 required positional argument: 'tmp_path'^[[0m
test (3.12.10, windows-11-arm)	UNKNOWN STEP	2026-09-03T20:21:30.4320467Z 
test (3.12.10, windows-11-arm)	UNKNOWN STEP	2026-09-03T20:21:30.4320771Z ^[[1m^[[31mC:\hostedtoolcache\windows\Python\3.12.10\arm64\Lib\unittest\case.py^[[0m:589: TypeError
test (3.12.10, windows-11-arm)	UNKNOWN STEP	2026-09-03T20:21:30.4321224Z =============================== tests coverage ================================
test (3.12.10, windows-11-arm)	UNKNOWN STEP	2026-09-03T20:21:30.4321614Z ______________ coverage: platform win32, python 3.12.10-final-0 _______________
test (3.12.10, windows-11-arm)	UNKNOWN STEP	2026-09-03T20:21:30.4321884Z 
test (3.12.10, windows-11-arm)	UNKNOWN STEP	2026-09-03T20:21:30.4322013Z Name                                         Stmts   Miss Branch BrPart  Cover
test (3.12.10, windows-11-arm)	UNKNOWN STEP	2026-09-03T20:21:30.4343513Z ^[[36m^[[1m=========================== short test summary info ===========================^[[0m
test (3.12.10, windows-11-arm)	UNKNOWN STEP	2026-09-03T20:21:30.4344695Z ^[[31mFAILED^[[0m tests/test_black.py::^[[1mBlackTestCase::test_is_filesystem_root^[[0m - TypeError: BlackTestCase.test_is_filesystem_root() missing 1 required posit...
test (3.12.10, windows-11-arm)	UNKNOWN STEP	2026-09-03T20:21:30.4345678Z ^[[31m=== ^[[31m^[[1m1 failed^[[0m, ^[[32m483 passed^[[0m, ^[[33m1 skipped^[[0m, ^[[32m8 subtests passed^[[0m^[[31m in 71.86s (0:01:11)^[[0m^[[31m ====^[[0m
test (3.12.10, windows-11-arm)	UNKNOWN STEP	2026-09-03T20:21:30.5036776Z ci-py31210: exit 1 (72.92 seconds) C:\a\black\black> pytest tests --run-optional no_jupyter --numprocesses auto --cov -v --color=yes pid=644
test (3.12.10, windows-11-arm)	UNKNOWN STEP	2026-09-03T20:21:30.5043188Z   ci-py31210: FAIL code 1 (96.70=setup[10.00]+cmd[13.52,0.27,72.92] seconds)
test (3.12.10, windows-11-arm)	UNKNOWN STEP	2026-09-03T20:21:30.5043557Z   evaluation failed :( (96.72 seconds)
test (3.12.10, windows-11-arm)	UNKNOWN STEP	2026-09-03T20:21:30.6023780Z ##[error]Process completed with exit code 1.
test (3.12.10, windows-11-arm)	UNKNOWN STEP	2026-09-03T20:21:30.6390104Z Post job cleanup.
test (3.12.10, windows-11-arm)	UNKNOWN STEP	2026-09-03T20:21:30.9530808Z [command]"C:\Program Files\Git\bin\git.exe" version
test (3.12.10, windows-11-arm)	UNKNOWN STEP	2026-09-03T20:21:31.0039421Z git version 2.55.0.windows.5
test (3.12.10, windows-11-arm)	UNKNOWN STEP	2026-09-03T20:21:31.0130074Z Temporarily overriding HOME='C:\a\_temp\af1417d8-2ec6-4133-a736-cd538be27964' before making global git config changes
test (3.10, ubuntu-latest)	UNKNOWN STEP	2026-09-03T20:21:34.9789318Z [gw3]^[[36m [ 99%] ^[[0m^[[32mPASSED^[[0m tests/test_no_ipynb.py::test_ipynb_diff_with_no_change_single 
test (3.10, ubuntu-latest)	UNKNOWN STEP	2026-09-03T20:21:34.9804637Z [gw1]^[[36m [ 99%] ^[[0m^[[32mPASSED^[[0m tests/test_format.py::test_simple_format[preview_remove_multiline_lone_list_item_parens] 
test (3.10, ubuntu-latest)	UNKNOWN STEP	2026-09-03T20:21:35.0159441Z tests/test_format.py::test_line_ranges_line_by_line[function_docstring] 
test (3.10, ubuntu-latest)	UNKNOWN STEP	2026-09-03T20:21:35.0171429Z [gw1]^[[36m [ 99%] ^[[0m^[[32mPASSED^[[0m tests/test_format.py::test_line_ranges_line_by_line[function_docstring] 
test (3.10, ubuntu-latest)	UNKNOWN STEP	2026-09-03T20:21:37.0865153Z tests/test_format.py::test_line_ranges_line_by_line[pattern_matching] 
test (3.10, ubuntu-latest)	UNKNOWN STEP	2026-09-03T20:21:39.3969497Z [gw1]^[[36m [100%] ^[[0m^[[32mPASSED^[[0m tests/test_format.py::test_line_ranges_line_by_line[pattern_matching] 
test (3.10, ubuntu-latest)	UNKNOWN STEP	2026-09-03T20:21:39.3970242Z 
test (3.10, ubuntu-latest)	UNKNOWN STEP	2026-09-03T20:21:39.3970495Z =================================== FAILURES ===================================
test (3.10, ubuntu-latest)	UNKNOWN STEP	2026-09-03T20:21:39.3971336Z ^[[31m^[[1m____________________ BlackTestCase.test_is_filesystem_root _____________________^[[0m
test (3.10, ubuntu-latest)	UNKNOWN STEP	2026-09-03T20:21:39.3972205Z [gw1] linux -- Python 3.10.21 /home/runner/work/black/black/.tox/ci-py310/bin/python
test (3.10, ubuntu-latest)	UNKNOWN STEP	2026-09-03T20:21:39.3972709Z 
test (3.10, ubuntu-latest)	UNKNOWN STEP	2026-09-03T20:21:39.3972949Z self = <unittest.case._Outcome object at 0x7f1166202bf0>
test (3.10, ubuntu-latest)	UNKNOWN STEP	2026-09-03T20:21:39.3973657Z test_case = <tests.test_black.BlackTestCase testMethod=test_is_filesystem_root>
test (3.10, ubuntu-latest)	UNKNOWN STEP	2026-09-03T20:21:39.3974281Z isTest = True
test (3.10, ubuntu-latest)	UNKNOWN STEP	2026-09-03T20:21:39.3974472Z 
test (3.10, ubuntu-latest)	UNKNOWN STEP	2026-09-03T20:21:39.3974810Z     ^[[0m^[[37m@contextlib^[[39;49;00m.contextmanager^[[90m^[[39;49;00m
test (3.10, ubuntu-latest)	UNKNOWN STEP	2026-09-03T20:21:39.3975969Z     ^[[94mdef^[[39;49;00m^[[90m ^[[39;49;00m^[[92mtestPartExecutor^[[39;49;00m(^[[96mself^[[39;49;00m, test_case, isTest=^[[94mFalse^[[39;49;00m):^[[90m^[[39;49;00m
test (3.10, ubuntu-latest)	UNKNOWN STEP	2026-09-03T20:21:39.3977450Z         old_success = ^[[96mself^[[39;49;00m.success^[[90m^[[39;49;00m
test (3.10, ubuntu-latest)	UNKNOWN STEP	2026-09-03T20:21:39.3978633Z         ^[[96mself^[[39;49;00m.success = ^[[94mTrue^[[39;49;00m^[[90m^[[39;49;00m
test (3.10, ubuntu-latest)	UNKNOWN STEP	2026-09-03T20:21:39.3979280Z         ^[[94mtry^[[39;49;00m:^[[90m^[[39;49;00m
test (3.10, ubuntu-latest)	UNKNOWN STEP	2026-09-03T20:21:39.3979788Z >           ^[[94myield^[[39;49;00m^[[90m^[[39;49;00m
test (3.10, ubuntu-latest)	UNKNOWN STEP	2026-09-03T20:21:39.3980096Z 
test (3.10, ubuntu-latest)	UNKNOWN STEP	2026-09-03T20:21:39.3980605Z ^[[1m^[[31m/opt/hostedtoolcache/Python/3.10.21/x64/lib/python3.10/unittest/case.py^[[0m:59: 
test (3.10, ubuntu-latest)	UNKNOWN STEP	2026-09-03T20:21:39.3981382Z _ _ _ _ _ _ _ _ _ _ _ _ _ _ _ _ _ _ _ _ _ _ _ _ _ _ _ _ _ _ _ _ _ _ _ _ _ _ _ _ 
test (3.10, ubuntu-latest)	UNKNOWN STEP	2026-09-03T20:21:39.3982295Z ^[[1m^[[31m/opt/hostedtoolcache/Python/3.10.21/x64/lib/python3.10/unittest/case.py^[[0m:591: in run
test (3.10, ubuntu-latest)	UNKNOWN STEP	2026-09-03T20:21:39.3983218Z     ^[[0m^[[96mself^[[39;49;00m._callTestMethod(testMethod)^[[90m^[[39;49;00m
test (3.10, ubuntu-latest)	UNKNOWN STEP	2026-09-03T20:21:39.3983859Z _ _ _ _ _ _ _ _ _ _ _ _ _ _ _ _ _ _ _ _ _ _ _ _ _ _ _ _ _ _ _ _ _ _ _ _ _ _ _ _ 
test (3.10, ubuntu-latest)	UNKNOWN STEP	2026-09-03T20:21:39.3984238Z 
test (3.10, ubuntu-latest)	UNKNOWN STEP	2026-09-03T20:21:39.3984576Z self = <tests.test_black.BlackTestCase testMethod=test_is_filesystem_root>
test (3.10, ubuntu-latest)	UNKNOWN STEP	2026-09-03T20:21:39.3988130Z >       method()^[[90m^[[39;49;00m
test (3.10, ubuntu-latest)	UNKNOWN STEP	2026-09-03T20:21:39.3989085Z ^[[1m^[[31mE       TypeError: BlackTestCase.test_is_filesystem_root() missing 1 required positional argument: 'tmp_path'^[[0m
test (3.10, ubuntu-latest)	UNKNOWN STEP	2026-09-03T20:21:39.3989786Z 
test (3.10, ubuntu-latest)	UNKNOWN STEP	2026-09-03T20:21:39.3990347Z ^[[1m^[[31m/opt/hostedtoolcache/Python/3.10.21/x64/lib/python3.10/unittest/case.py^[[0m:549: TypeError
test (3.10, ubuntu-latest)	UNKNOWN STEP	2026-09-03T20:21:39.3991139Z ================================ tests coverage ================================
test (3.10, ubuntu-latest)	UNKNOWN STEP	2026-09-03T20:21:39.3991807Z _______________ coverage: platform linux, python 3.10.21-final-0 _______________
test (3.10, ubuntu-latest)	UNKNOWN STEP	2026-09-03T20:21:39.3992259Z 
test (3.10, ubuntu-latest)	UNKNOWN STEP	2026-09-03T20:21:39.3992493Z Name                                         Stmts   Miss Branch BrPart  Cover
test (3.10, ubuntu-latest)	UNKNOWN STEP	2026-09-03T20:21:39.4024454Z ^[[36m^[[1m=========================== short test summary info ============================^[[0m
test (3.10, ubuntu-latest)	UNKNOWN STEP	2026-09-03T20:21:39.4028590Z ^[[31mFAILED^[[0m tests/test_black.py::^[[1mBlackTestCase::test_is_filesystem_root^[[0m - TypeError: BlackTestCase.test_is_filesystem_root() missing 1 required posit...
test (3.10, ubuntu-latest)	UNKNOWN STEP	2026-09-03T20:21:39.4030249Z ^[[31m=== ^[[31m^[[1m1 failed^[[0m, ^[[32m482 passed^[[0m, ^[[33m2 skipped^[[0m, ^[[32m8 subtests passed^[[0m^[[31m in 108.19s (0:01:48)^[[0m^[[31m ====^[[0m
test (3.10, ubuntu-latest)	UNKNOWN STEP	2026-09-03T20:21:39.4342208Z ci-py310: exit 1 (108.85 seconds) /home/runner/work/black/black> pytest tests --run-optional no_jupyter --numprocesses auto --cov -v --color=yes pid=3007
test (3.10, ubuntu-latest)	UNKNOWN STEP	2026-09-03T20:21:39.4347034Z   ci-py310: FAIL code 1 (121.30=setup[5.39]+cmd[6.91,0.16,108.85] seconds)
test (3.10, ubuntu-latest)	UNKNOWN STEP	2026-09-03T20:21:39.4347840Z   evaluation failed :( (121.32 seconds)
test (3.10, ubuntu-latest)	UNKNOWN STEP	2026-09-03T20:21:39.4762641Z ##[error]Process completed with exit code 1.
test (3.10, ubuntu-latest)	UNKNOWN STEP	2026-09-03T20:21:39.4889196Z Post job cleanup.
test (3.10, ubuntu-latest)	UNKNOWN STEP	2026-09-03T20:21:39.5718087Z [command]/usr/bin/git version
test (3.10, ubuntu-latest)	UNKNOWN STEP	2026-09-03T20:21:39.5755799Z git version 2.55.0
test (3.10, ubuntu-latest)	UNKNOWN STEP	2026-09-03T20:21:39.5790265Z Temporarily overriding HOME='/home/runner/work/_temp/f9fd0c08-37fd-4fa3-8812-ccabbec7ab52' before making global git config changes
test (3.12.10, windows-latest)	UNKNOWN STEP	2026-09-03T20:21:52.9768591Z [gw0]^[[36m [ 97%] ^[[0m^[[32mPASSED^[[0m tests/test_format.py::test_simple_format[unstable_comment_on_optional_parens] 
test (3.12.10, windows-latest)	UNKNOWN STEP	2026-09-03T20:21:52.9769744Z tests/test_ranges.py::test_parse_line_ranges_valid[lines_str2-expected2] 
test (3.12.10, windows-latest)	UNKNOWN STEP	2026-09-03T20:21:52.9771086Z [gw0]^[[36m [ 97%] ^[[0m^[[32mPASSED^[[0m tests/test_ranges.py::test_parse_line_ranges_valid[lines_str2-expected2] 
test (3.12.10, windows-latest)	UNKNOWN STEP	2026-09-03T20:21:52.9772166Z tests/test_ranges.py::test_parse_line_ranges_invalid[lines_str0] 
test (3.12.10, windows-latest)	UNKNOWN STEP	2026-09-03T20:21:52.9773505Z [gw0]^[[36m [ 98%] ^[[0m^[[32mPASSED^[[0m tests/test_ranges.py::test_parse_line_ranges_invalid[lines_str0] 
test (3.12.10, windows-latest)	UNKNOWN STEP	2026-09-03T20:21:52.9774483Z tests/test_ranges.py::test_parse_line_ranges_invalid[lines_str1] 
test (3.12.10, windows-latest)	UNKNOWN STEP	2026-09-03T20:21:52.9775704Z [gw0]^[[36m [ 98%] ^[[0m^[[32mPASSED^[[0m tests/test_ranges.py::test_parse_line_ranges_invalid[lines_str1] 
test (3.12.10, windows-latest)	UNKNOWN STEP	2026-09-03T20:21:53.0210644Z tests/test_ranges.py::test_parse_line_ranges_invalid[lines_str2] 
test (3.12.10, windows-latest)	UNKNOWN STEP	2026-09-03T20:21:53.6656365Z [gw0]^[[36m [ 98%] ^[[0m^[[32mPASSED^[[0m tests/test_ranges.py::test_parse_line_ranges_invalid[lines_str2] 
test (3.12.10, windows-latest)	UNKNOWN STEP	2026-09-03T20:21:53.6660842Z [gw1]^[[36m [ 98%] ^[[0m^[[32mPASSED^[[0m tests/test_format.py::test_simple_format[starred_for_target] 
test (3.12.10, windows-latest)	UNKNOWN STEP	2026-09-03T20:21:53.9180570Z tests/test_format.py::test_simple_format[string_prefixes] 
test (3.12.10, windows-latest)	UNKNOWN STEP	2026-09-03T20:21:55.7322318Z [gw1]^[[36m [ 98%] ^[[0m^[[32mPASSED^[[0m tests/test_format.py::test_simple_format[string_prefixes] 
test (3.12.10, windows-latest)	UNKNOWN STEP	2026-09-03T20:21:55.7326605Z [gw3]^[[36m [ 99%] ^[[0m^[[32mPASSED^[[0m tests/test_format.py::test_line_ranges_line_by_line[basic] 
test (3.12.10, windows-latest)	UNKNOWN STEP	2026-09-03T20:21:55.7328147Z tests/test_format.py::test_line_ranges_line_by_line[function_docstring] 
test (3.12.10, windows-latest)	UNKNOWN STEP	2026-09-03T20:21:55.7329615Z [gw3]^[[36m [ 99%] ^[[0m^[[32mPASSED^[[0m tests/test_format.py::test_line_ranges_line_by_line[function_docstring] 
test (3.12.10, windows-latest)	UNKNOWN STEP	2026-09-03T20:21:57.4965292Z tests/test_format.py::test_line_ranges_line_by_line[pattern_matching] 
test (3.12.10, windows-latest)	UNKNOWN STEP	2026-09-03T20:21:57.4969865Z [gw3]^[[36m [ 99%] ^[[0m^[[32mPASSED^[[0m tests/test_format.py::test_line_ranges_line_by_line[pattern_matching] 
test (3.12.10, windows-latest)	UNKNOWN STEP	2026-09-03T20:21:57.4970696Z tests/test_format.py::test_empty 
test (3.12.10, windows-latest)	UNKNOWN STEP	2026-09-03T20:21:57.4971413Z [gw3]^[[36m [ 99%] ^[[0m^[[32mPASSED^[[0m tests/test_format.py::test_empty 
test (3.12.10, windows-latest)	UNKNOWN STEP	2026-09-03T20:21:57.5476626Z tests/test_format.py::test_patma_invalid 
test (3.12.10, windows-latest)	UNKNOWN STEP	2026-09-03T20:21:59.5589185Z [gw3]^[[36m [100%] ^[[0m^[[32mPASSED^[[0m tests/test_format.py::test_patma_invalid 
test (3.12.10, windows-latest)	UNKNOWN STEP	2026-09-03T20:21:59.5589690Z 
test (3.12.10, windows-latest)	UNKNOWN STEP	2026-09-03T20:21:59.5589876Z ================================== FAILURES ===================================
test (3.12.10, windows-latest)	UNKNOWN STEP	2026-09-03T20:21:59.5590705Z ^[[31m^[[1m____________________ BlackTestCase.test_is_filesystem_root ____________________^[[0m
test (3.12.10, windows-latest)	UNKNOWN STEP	2026-09-03T20:21:59.5591388Z [gw1] win32 -- Python 3.12.10 D:\a\black\black\.tox\ci-py31210\Scripts\python.EXE
test (3.12.10, windows-latest)	UNKNOWN STEP	2026-09-03T20:21:59.5591694Z 
test (3.12.10, windows-latest)	UNKNOWN STEP	2026-09-03T20:21:59.5596149Z 
test (3.12.10, windows-latest)	UNKNOWN STEP	2026-09-03T20:21:59.5596454Z ^[[1m^[[31mC:\hostedtoolcache\windows\Python\3.12.10\x64\Lib\unittest\case.py^[[0m:58: 
test (3.12.10, windows-latest)	UNKNOWN STEP	2026-09-03T20:21:59.5596907Z _ _ _ _ _ _ _ _ _ _ _ _ _ _ _ _ _ _ _ _ _ _ _ _ _ _ _ _ _ _ _ _ _ _ _ _ _ _ _ _
test (3.12.10, windows-latest)	UNKNOWN STEP	2026-09-03T20:21:59.5597603Z ^[[1m^[[31mC:\hostedtoolcache\windows\Python\3.12.10\x64\Lib\unittest\case.py^[[0m:634: in run
test (3.12.10, windows-latest)	UNKNOWN STEP	2026-09-03T20:21:59.5598143Z     ^[[0m^[[96mself^[[39;49;00m._callTestMethod(testMethod)^[[90m^[[39;49;00m
test (3.12.10, windows-latest)	UNKNOWN STEP	2026-09-03T20:21:59.5598525Z _ _ _ _ _ _ _ _ _ _ _ _ _ _ _ _ _ _ _ _ _ _ _ _ _ _ _ _ _ _ _ _ _ _ _ _ _ _ _ _
test (3.12.10, windows-latest)	UNKNOWN STEP	2026-09-03T20:21:59.5598752Z 
test (3.12.10, windows-latest)	UNKNOWN STEP	2026-09-03T20:21:59.5598945Z self = <tests.test_black.BlackTestCase testMethod=test_is_filesystem_root>
test (3.12.10, windows-latest)	UNKNOWN STEP	2026-09-03T20:21:59.5602013Z            ^^^^^^^^^[[90m^[[39;49;00m
test (3.12.10, windows-latest)	UNKNOWN STEP	2026-09-03T20:21:59.5602575Z ^[[1m^[[31mE       TypeError: BlackTestCase.test_is_filesystem_root() missing 1 required positional argument: 'tmp_path'^[[0m
test (3.12.10, windows-latest)	UNKNOWN STEP	2026-09-03T20:21:59.5602985Z 
test (3.12.10, windows-latest)	UNKNOWN STEP	2026-09-03T20:21:59.5603308Z ^[[1m^[[31mC:\hostedtoolcache\windows\Python\3.12.10\x64\Lib\unittest\case.py^[[0m:589: TypeError
test (3.12.10, windows-latest)	UNKNOWN STEP	2026-09-03T20:21:59.5603762Z =============================== tests coverage ================================
test (3.12.10, windows-latest)	UNKNOWN STEP	2026-09-03T20:21:59.5604168Z ______________ coverage: platform win32, python 3.12.10-final-0 _______________
test (3.12.10, windows-latest)	UNKNOWN STEP	2026-09-03T20:21:59.5604442Z 
test (3.12.10, windows-latest)	UNKNOWN STEP	2026-09-03T20:21:59.5604582Z Name                                         Stmts   Miss Branch BrPart  Cover
test (3.12.10, windows-latest)	UNKNOWN STEP	2026-09-03T20:21:59.5604954Z ------------------------------------------------------------------------------
test (3.12.10, windows-latest)	UNKNOWN STEP	2026-09-03T20:21:59.5605351Z src\_black_version.py                            1      0      0      0   100%
test (3.12.10, windows-latest)	UNKNOWN STEP	2026-09-03T20:21:59.5605724Z src\black\__init__.py                          663     79    344     28    88%
test (3.12.10, windows-latest)	UNKNOWN STEP	2026-09-03T20:21:59.5606097Z src\black\_width_table.py                        2      0      0      0   100%
test (3.12.10, windows-latest)	UNKNOWN STEP	2026-09-03T20:21:59.5606474Z src\black\brackets.py                          183      3     86      1    99%
test (3.12.10, windows-latest)	UNKNOWN STEP	2026-09-03T20:21:59.5606833Z src\black\cache.py                              90      6     16      1    93%
test (3.12.10, windows-latest)	UNKNOWN STEP	2026-09-03T20:21:59.5607194Z src\black\comments.py                          413     17    250     24    94%
test (3.12.10, windows-latest)	UNKNOWN STEP	2026-09-03T20:21:59.5622559Z ^[[36m^[[1m=========================== short test summary info ===========================^[[0m
test (3.12.10, windows-latest)	UNKNOWN STEP	2026-09-03T20:21:59.5623976Z ^[[31mFAILED^[[0m tests/test_black.py::^[[1mBlackTestCase::test_is_filesystem_root^[[0m - TypeError: BlackTestCase.test_is_filesystem_root() missing 1 required posit...
test (3.12.10, windows-latest)	UNKNOWN STEP	2026-09-03T20:21:59.5624968Z ^[[31m=== ^[[31m^[[1m1 failed^[[0m, ^[[32m483 passed^[[0m, ^[[33m1 skipped^[[0m, ^[[32m8 subtests passed^[[0m^[[31m in 102.51s (0:01:42)^[[0m^[[31m ===^[[0m
test (3.12.10, windows-latest)	UNKNOWN STEP	2026-09-03T20:21:59.6113486Z ci-py31210: exit 1 (105.23 seconds) D:\a\black\black> pytest tests --run-optional no_jupyter --numprocesses auto --cov -v --color=yes pid=5880
test (3.12.10, windows-latest)	UNKNOWN STEP	2026-09-03T20:21:59.6121244Z   ci-py31210: FAIL code 1 (132.39=setup[7.44]+cmd[19.14,0.58,105.23] seconds)
test (3.12.10, windows-latest)	UNKNOWN STEP	2026-09-03T20:21:59.6121724Z   evaluation failed :( (132.45 seconds)
test (3.12.10, windows-latest)	UNKNOWN STEP	2026-09-03T20:21:59.6965870Z ##[error]Process completed with exit code 1.
test (3.12.10, windows-latest)	UNKNOWN STEP	2026-09-03T20:21:59.7250897Z Post job cleanup.
test (3.12.10, windows-latest)	UNKNOWN STEP	2026-09-03T20:21:59.9012490Z [command]"C:\Program Files\Git\bin\git.exe" version
test (3.12.10, windows-latest)	UNKNOWN STEP	2026-09-03T20:21:59.9305337Z git version 2.55.0.windows.5
test (3.12.10, windows-latest)	UNKNOWN STEP	2026-09-03T20:21:59.9367804Z Temporarily overriding HOME='D:\a\_temp\2f62e3a7-9aa7-401c-9c05-a5110a3d12d6' before making global git config changes
test (3.13, macOS-latest)	UNKNOWN STEP	2026-09-03T20:20:55.0505970Z [gw2]^[[36m [100%] ^[[0m^[[32mPASSED^[[0m tests/test_format.py::test_line_ranges_line_by_line[basic] 
test (3.13, macOS-latest)	UNKNOWN STEP	2026-09-03T20:20:55.0506830Z 
test (3.13, macOS-latest)	UNKNOWN STEP	2026-09-03T20:20:55.0507230Z =================================== FAILURES ===================================
test (3.13, macOS-latest)	UNKNOWN STEP	2026-09-03T20:20:55.0508020Z ^[[31m^[[1m____________________ BlackTestCase.test_is_filesystem_root _____________________^[[0m
test (3.13, macOS-latest)	UNKNOWN STEP	2026-09-03T20:20:55.0515490Z 
test (3.13, macOS-latest)	UNKNOWN STEP	2026-09-03T20:20:55.0515950Z ^[[1m^[[31m/Library/Frameworks/Python.framework/Versions/3.13/lib/python3.13/unittest/case.py^[[0m:58: 
test (3.13, macOS-latest)	UNKNOWN STEP	2026-09-03T20:20:55.0516630Z _ _ _ _ _ _ _ _ _ _ _ _ _ _ _ _ _ _ _ _ _ _ _ _ _ _ _ _ _ _ _ _ _ _ _ _ _ _ _ _ 
test (3.13, macOS-latest)	UNKNOWN STEP	2026-09-03T20:20:55.0517340Z ^[[1m^[[31m/Library/Frameworks/Python.framework/Versions/3.13/lib/python3.13/unittest/case.py^[[0m:651: in run
test (3.13, macOS-latest)	UNKNOWN STEP	2026-09-03T20:20:55.0518130Z     ^[[0m^[[96mself^[[39;49;00m._callTestMethod(testMethod)^[[90m^[[39;49;00m
test (3.13, macOS-latest)	UNKNOWN STEP	2026-09-03T20:20:55.0518680Z _ _ _ _ _ _ _ _ _ _ _ _ _ _ _ _ _ _ _ _ _ _ _ _ _ _ _ _ _ _ _ _ _ _ _ _ _ _ _ _ 
test (3.13, macOS-latest)	UNKNOWN STEP	2026-09-03T20:20:55.0518950Z 
test (3.13, macOS-latest)	UNKNOWN STEP	2026-09-03T20:20:55.0519210Z self = <tests.test_black.BlackTestCase testMethod=test_is_filesystem_root>
test (3.13, macOS-latest)	UNKNOWN STEP	2026-09-03T20:20:55.0535000Z            ^^^^^^^^^[[90m^[[39;49;00m
test (3.13, macOS-latest)	UNKNOWN STEP	2026-09-03T20:20:55.0535540Z ^[[1m^[[31mE       TypeError: BlackTestCase.test_is_filesystem_root() missing 1 required positional argument: 'tmp_path'^[[0m
test (3.13, macOS-latest)	UNKNOWN STEP	2026-09-03T20:20:55.0535990Z 
test (3.13, macOS-latest)	UNKNOWN STEP	2026-09-03T20:20:55.0536430Z ^[[1m^[[31m/Library/Frameworks/Python.framework/Versions/3.13/lib/python3.13/unittest/case.py^[[0m:606: TypeError
test (3.13, macOS-latest)	UNKNOWN STEP	2026-09-03T20:20:55.0536950Z ================================ tests coverage ================================
test (3.13, macOS-latest)	UNKNOWN STEP	2026-09-03T20:20:55.0537350Z ______________ coverage: platform darwin, python 3.13.14-final-0 _______________
test (3.13, macOS-latest)	UNKNOWN STEP	2026-09-03T20:20:55.0545320Z 
test (3.13, macOS-latest)	UNKNOWN STEP	2026-09-03T20:20:55.0545500Z Name                                         Stmts   Miss Branch BrPart  Cover
test (3.13, macOS-latest)	UNKNOWN STEP	2026-09-03T20:20:55.0568080Z ^[[36m^[[1m=========================== short test summary info ============================^[[0m
test (3.13, macOS-latest)	UNKNOWN STEP	2026-09-03T20:20:55.0570440Z ^[[31mFAILED^[[0m tests/test_black.py::^[[1mBlackTestCase::test_is_filesystem_root^[[0m - TypeError: BlackTestCase.test_is_filesystem_root() missing 1 required posit...
test (3.13, macOS-latest)	UNKNOWN STEP	2026-09-03T20:20:55.0571300Z ^[[31m==== ^[[31m^[[1m1 failed^[[0m, ^[[32m483 passed^[[0m, ^[[33m1 skipped^[[0m, ^[[32m8 subtests passed^[[0m^[[31m in 63.39s (0:01:03)^[[0m^[[31m ====^[[0m
test (3.13, macOS-latest)	UNKNOWN STEP	2026-09-03T20:20:55.1170790Z ci-py313: exit 1 (64.40 seconds) /Users/runner/work/black/black> pytest tests --run-optional no_jupyter --numprocesses auto --cov -v --color=yes pid=2167
test (3.13, macOS-latest)	UNKNOWN STEP	2026-09-03T20:20:55.1216970Z   ci-py313: FAIL code 1 (81.70=setup[5.58]+cmd[11.27,0.45,64.40] seconds)
test (3.13, macOS-latest)	UNKNOWN STEP	2026-09-03T20:20:55.1217460Z   evaluation failed :( (81.72 seconds)
test (3.13, macOS-latest)	UNKNOWN STEP	2026-09-03T20:20:55.1594670Z ##[error]Process completed with exit code 1.
test (3.13, macOS-latest)	UNKNOWN STEP	2026-09-03T20:20:55.1761040Z Post job cleanup.
test (3.13, macOS-latest)	UNKNOWN STEP	2026-09-03T20:20:55.5003000Z [command]/opt/homebrew/bin/git version
test (3.13, macOS-latest)	UNKNOWN STEP	2026-09-03T20:20:55.5185390Z git version 2.55.0
test (3.13, macOS-latest)	UNKNOWN STEP	2026-09-03T20:20:55.5207260Z Copying '/Users/runner/.gitconfig' to '/Users/runner/work/_temp/3145747e-4bef-4730-9f03-cdc1e811f56e/.gitconfig'
test (pypy3.11-v7.3.22, ubuntu-latest)	UNKNOWN STEP	2026-09-03T20:20:18.1701804Z cachedir: .tox/ci-pypy3/.pytest_cache
test (pypy3.11-v7.3.22, ubuntu-latest)	UNKNOWN STEP	2026-09-03T20:20:18.1756003Z rootdir: /home/runner/work/black/black
test (pypy3.11-v7.3.22, ubuntu-latest)	UNKNOWN STEP	2026-09-03T20:20:18.1822418Z configfile: pyproject.toml
test (pypy3.11-v7.3.22, ubuntu-latest)	UNKNOWN STEP	2026-09-03T20:20:18.1846051Z plugins: xdist-3.8.0
test (pypy3.11-v7.3.22, ubuntu-latest)	UNKNOWN STEP	2026-09-03T20:20:18.1885993Z created: 4/4 workers
test (pypy3.11-v7.3.22, ubuntu-latest)	UNKNOWN STEP	2026-09-03T20:20:18.1901285Z 4 workers [484 items]
test (pypy3.11-v7.3.22, ubuntu-latest)	UNKNOWN STEP	2026-09-03T20:20:18.1940800Z 
test (pypy3.11-v7.3.22, ubuntu-latest)	UNKNOWN STEP	2026-09-03T20:20:20.2216571Z ......................................F................................. [ 14%]
test (pypy3.11-v7.3.22, ubuntu-latest)	UNKNOWN STEP	2026-09-03T20:20:22.4556507Z .....................................s.................................. [ 29%]
test (pypy3.11-v7.3.22, ubuntu-latest)	UNKNOWN STEP	2026-09-03T20:20:27.7421853Z ........................................................................ [ 44%]
test (pypy3.11-v7.3.22, ubuntu-latest)	UNKNOWN STEP	2026-09-03T20:20:36.6510691Z ........................................................................ [ 59%]
test (pypy3.11-v7.3.22, ubuntu-latest)	UNKNOWN STEP	2026-09-03T20:20:46.0953476Z ........................................................................ [ 74%]
test (pypy3.11-v7.3.22, ubuntu-latest)	UNKNOWN STEP	2026-09-03T20:20:55.1067918Z ........................................................................ [ 89%]
test (pypy3.11-v7.3.22, ubuntu-latest)	UNKNOWN STEP	2026-09-03T20:20:57.6000013Z ....................................................                     [100%]
test (pypy3.11-v7.3.22, ubuntu-latest)	UNKNOWN STEP	2026-09-03T20:20:57.6001799Z =================================== FAILURES ===================================
test (pypy3.11-v7.3.22, ubuntu-latest)	UNKNOWN STEP	2026-09-03T20:20:57.6002594Z ____________________ BlackTestCase.test_is_filesystem_root _____________________
test (pypy3.11-v7.3.22, ubuntu-latest)	UNKNOWN STEP	2026-09-03T20:20:57.6003666Z [gw1] linux -- Python 3.11.15 /home/runner/work/black/black/.tox/ci-pypy3/bin/python
test (pypy3.11-v7.3.22, ubuntu-latest)	UNKNOWN STEP	2026-09-03T20:20:57.6004270Z 
test (pypy3.11-v7.3.22, ubuntu-latest)	UNKNOWN STEP	2026-09-03T20:20:57.6004804Z self = <unittest.case._Outcome object at 0x0000000032171328>
test (pypy3.11-v7.3.22, ubuntu-latest)	UNKNOWN STEP	2026-09-03T20:20:57.6005883Z test_case = <tests.test_black.BlackTestCase testMethod=test_is_filesystem_root>
test (pypy3.11-v7.3.22, ubuntu-latest)	UNKNOWN STEP	2026-09-03T20:20:57.6006568Z subTest = False
test (pypy3.11-v7.3.22, ubuntu-latest)	UNKNOWN STEP	2026-09-03T20:20:57.6006754Z 
test (pypy3.11-v7.3.22, ubuntu-latest)	UNKNOWN STEP	2026-09-03T20:20:57.6009555Z 
test (pypy3.11-v7.3.22, ubuntu-latest)	UNKNOWN STEP	2026-09-03T20:20:57.6009864Z /opt/hostedtoolcache/PyPy/3.11.15/x64/lib/pypy3.11/unittest/case.py:57: 
test (pypy3.11-v7.3.22, ubuntu-latest)	UNKNOWN STEP	2026-09-03T20:20:57.6010391Z _ _ _ _ _ _ _ _ _ _ _ _ _ _ _ _ _ _ _ _ _ _ _ _ _ _ _ _ _ _ _ _ _ _ _ _ _ _ _ _ 
test (pypy3.11-v7.3.22, ubuntu-latest)	UNKNOWN STEP	2026-09-03T20:20:57.6010883Z /opt/hostedtoolcache/PyPy/3.11.15/x64/lib/pypy3.11/unittest/case.py:623: in run
test (pypy3.11-v7.3.22, ubuntu-latest)	UNKNOWN STEP	2026-09-03T20:20:57.6011388Z     self._callTestMethod(testMethod)
test (pypy3.11-v7.3.22, ubuntu-latest)	UNKNOWN STEP	2026-09-03T20:20:57.6011728Z          ^^^^^^^^^^^^^^^
test (pypy3.11-v7.3.22, ubuntu-latest)	UNKNOWN STEP	2026-09-03T20:20:57.6012089Z _ _ _ _ _ _ _ _ _ _ _ _ _ _ _ _ _ _ _ _ _ _ _ _ _ _ _ _ _ _ _ _ _ _ _ _ _ _ _ _ 
test (pypy3.11-v7.3.22, ubuntu-latest)	UNKNOWN STEP	2026-09-03T20:20:57.6012376Z 
test (pypy3.11-v7.3.22, ubuntu-latest)	UNKNOWN STEP	2026-09-03T20:20:57.6014858Z            ^^^^^^^^
test (pypy3.11-v7.3.22, ubuntu-latest)	UNKNOWN STEP	2026-09-03T20:20:57.6015535Z E       TypeError: BlackTestCase.test_is_filesystem_root() missing 1 required positional argument: 'tmp_path'
test (pypy3.11-v7.3.22, ubuntu-latest)	UNKNOWN STEP	2026-09-03T20:20:57.6015959Z 
test (pypy3.11-v7.3.22, ubuntu-latest)	UNKNOWN STEP	2026-09-03T20:20:57.6016211Z /opt/hostedtoolcache/PyPy/3.11.15/x64/lib/pypy3.11/unittest/case.py:579: TypeError
test (pypy3.11-v7.3.22, ubuntu-latest)	UNKNOWN STEP	2026-09-03T20:20:57.6016771Z =========================== short test summary info ============================
test (pypy3.11-v7.3.22, ubuntu-latest)	UNKNOWN STEP	2026-09-03T20:20:57.6017332Z FAILED tests/test_black.py::BlackTestCase::test_is_filesystem_root - TypeErro...
test (pypy3.11-v7.3.22, ubuntu-latest)	UNKNOWN STEP	2026-09-03T20:20:57.6018278Z ================== 1 failed, 482 passed, 2 skipped in 42.33s ===================
test (pypy3.11-v7.3.22, ubuntu-latest)	UNKNOWN STEP	2026-09-03T20:20:57.6062895Z ci-pypy3: exit 1 (43.24 seconds) /home/runner/work/black/black> pytest tests --run-optional no_jupyter --numprocesses auto pid=2960
test (pypy3.11-v7.3.22, ubuntu-latest)	UNKNOWN STEP	2026-09-03T20:20:57.6078622Z   ci-pypy3: FAIL code 1 (58.51=setup[4.05]+cmd[11.22,43.24] seconds)
test (pypy3.11-v7.3.22, ubuntu-latest)	UNKNOWN STEP	2026-09-03T20:20:57.6079548Z   evaluation failed :( (58.58 seconds)
test (pypy3.11-v7.3.22, ubuntu-latest)	UNKNOWN STEP	2026-09-03T20:20:57.6138074Z ##[error]Process completed with exit code 1.
test (pypy3.11-v7.3.22, ubuntu-latest)	UNKNOWN STEP	2026-09-03T20:20:57.6263237Z Post job cleanup.
test (pypy3.11-v7.3.22, ubuntu-latest)	UNKNOWN STEP	2026-09-03T20:20:57.7025739Z [command]/usr/bin/git version
test (pypy3.11-v7.3.22, ubuntu-latest)	UNKNOWN STEP	2026-09-03T20:20:57.7057955Z git version 2.55.0
test (pypy3.11-v7.3.22, ubuntu-latest)	UNKNOWN STEP	2026-09-03T20:20:57.7088104Z Temporarily overriding HOME='/home/runner/work/_temp/2a51f273-666e-4226-b71a-f64d61bb1e8e' before making global git config changes
test (3.14, macOS-latest)	UNKNOWN STEP	2026-09-03T20:20:05.9079020Z [gw2]^[[36m [ 98%] ^[[0m^[[32mPASSED^[[0m tests/test_format.py::test_simple_format[module_docstring_after_comment] 
test (3.14, macOS-latest)	UNKNOWN STEP	2026-09-03T20:20:05.9652900Z tests/test_format.py::test_simple_format[import_spacing] 
test (3.14, macOS-latest)	UNKNOWN STEP	2026-09-03T20:20:06.2816660Z [gw2]^[[36m [ 98%] ^[[0m^[[32mPASSED^[[0m tests/test_format.py::test_simple_format[import_spacing] 
test (3.14, macOS-latest)	UNKNOWN STEP	2026-09-03T20:20:06.2819440Z [gw0]^[[36m [ 98%] ^[[0m^[[32mPASSED^[[0m tests/test_format.py::test_line_ranges_line_by_line[basic] 
test (3.14, macOS-latest)	UNKNOWN STEP	2026-09-03T20:20:06.2833860Z tests/test_format.py::test_empty 
test (3.14, macOS-latest)	UNKNOWN STEP	2026-09-03T20:20:06.2841470Z [gw0]^[[36m [ 99%] ^[[0m^[[32mPASSED^[[0m tests/test_format.py::test_empty 
test (3.14, macOS-latest)	UNKNOWN STEP	2026-09-03T20:20:06.2883890Z tests/test_format.py::test_patma_invalid 
test (3.14, macOS-latest)	UNKNOWN STEP	2026-09-03T20:20:06.2887400Z [gw0]^[[36m [ 99%] ^[[0m^[[32mPASSED^[[0m tests/test_format.py::test_patma_invalid 
test (3.14, macOS-latest)	UNKNOWN STEP	2026-09-03T20:20:06.2937900Z tests/test_no_ipynb.py::test_ipynb_diff_with_no_change_single 
test (3.14, macOS-latest)	UNKNOWN STEP	2026-09-03T20:20:06.2939540Z [gw0]^[[36m [ 99%] ^[[0m^[[32mPASSED^[[0m tests/test_no_ipynb.py::test_ipynb_diff_with_no_change_single 
test (3.14, macOS-latest)	UNKNOWN STEP	2026-09-03T20:20:06.2974100Z tests/test_no_ipynb.py::test_ipynb_diff_with_no_change_dir 
test (3.14, macOS-latest)	UNKNOWN STEP	2026-09-03T20:20:06.2979980Z [gw0]^[[36m [ 99%] ^[[0m^[[32mPASSED^[[0m tests/test_no_ipynb.py::test_ipynb_diff_with_no_change_dir 
test (3.14, macOS-latest)	UNKNOWN STEP	2026-09-03T20:20:06.2992990Z tests/test_ranges.py::test_parse_line_ranges_valid[lines_str0-expected0] 
test (3.14, macOS-latest)	UNKNOWN STEP	2026-09-03T20:20:08.7057930Z [gw0]^[[36m [100%] ^[[0m^[[32mPASSED^[[0m tests/test_ranges.py::test_parse_line_ranges_valid[lines_str0-expected0] 
test (3.14, macOS-latest)	UNKNOWN STEP	2026-09-03T20:20:08.7142760Z 
test (3.14, macOS-latest)	UNKNOWN STEP	2026-09-03T20:20:08.7192090Z =================================== FAILURES ===================================
test (3.14, macOS-latest)	UNKNOWN STEP	2026-09-03T20:20:08.7201720Z ^[[31m^[[1m____________________ BlackTestCase.test_is_filesystem_root _____________________^[[0m
test (3.14, macOS-latest)	UNKNOWN STEP	2026-09-03T20:20:08.7202950Z [gw1] darwin -- Python 3.14.7 /Users/runner/work/black/black/.tox/ci-py314/bin/python
test (3.14, macOS-latest)	UNKNOWN STEP	2026-09-03T20:20:08.7203470Z 
test (3.14, macOS-latest)	UNKNOWN STEP	2026-09-03T20:20:08.7203750Z self = <unittest.case._Outcome object at 0x10b7382b0>
test (3.14, macOS-latest)	UNKNOWN STEP	2026-09-03T20:20:08.7204400Z test_case = <tests.test_black.BlackTestCase testMethod=test_is_filesystem_root>
test (3.14, macOS-latest)	UNKNOWN STEP	2026-09-03T20:20:08.7205110Z subTest = False
test (3.14, macOS-latest)	UNKNOWN STEP	2026-09-03T20:20:08.7205460Z 
test (3.14, macOS-latest)	UNKNOWN STEP	2026-09-03T20:20:08.7205940Z     ^[[0m^[[37m@contextlib^[[39;49;00m.contextmanager^[[90m^[[39;49;00m
test (3.14, macOS-latest)	UNKNOWN STEP	2026-09-03T20:20:08.7207030Z     ^[[94mdef^[[39;49;00m^[[90m ^[[39;49;00m^[[92mtestPartExecutor^[[39;49;00m(^[[96mself^[[39;49;00m, test_case, subTest=^[[94mFalse^[[39;49;00m):^[[90m^[[39;49;00m
test (3.14, macOS-latest)	UNKNOWN STEP	2026-09-03T20:20:08.7207920Z         old_success = ^[[96mself^[[39;49;00m.success^[[90m^[[39;49;00m
test (3.14, macOS-latest)	UNKNOWN STEP	2026-09-03T20:20:08.7212610Z 
test (3.14, macOS-latest)	UNKNOWN STEP	2026-09-03T20:20:08.7213750Z ^[[1m^[[31m/Library/Frameworks/Python.framework/Versions/3.14/lib/python3.14/unittest/case.py^[[0m:58: 
test (3.14, macOS-latest)	UNKNOWN STEP	2026-09-03T20:20:08.7214710Z _ _ _ _ _ _ _ _ _ _ _ _ _ _ _ _ _ _ _ _ _ _ _ _ _ _ _ _ _ _ _ _ _ _ _ _ _ _ _ _ 
test (3.14, macOS-latest)	UNKNOWN STEP	2026-09-03T20:20:08.7215490Z ^[[1m^[[31m/Library/Frameworks/Python.framework/Versions/3.14/lib/python3.14/unittest/case.py^[[0m:669: in run
test (3.14, macOS-latest)	UNKNOWN STEP	2026-09-03T20:20:08.7216340Z     ^[[0m^[[96mself^[[39;49;00m._callTestMethod(testMethod)^[[90m^[[39;49;00m
test (3.14, macOS-latest)	UNKNOWN STEP	2026-09-03T20:20:08.7216960Z _ _ _ _ _ _ _ _ _ _ _ _ _ _ _ _ _ _ _ _ _ _ _ _ _ _ _ _ _ _ _ _ _ _ _ _ _ _ _ _ 
test (3.14, macOS-latest)	UNKNOWN STEP	2026-09-03T20:20:08.7217470Z 
test (3.14, macOS-latest)	UNKNOWN STEP	2026-09-03T20:20:08.7217830Z self = <tests.test_black.BlackTestCase testMethod=test_is_filesystem_root>
test (3.14, macOS-latest)	UNKNOWN STEP	2026-09-03T20:20:08.7222780Z                  ^^^^^^^^^[[90m^[[39;49;00m
test (3.14, macOS-latest)	UNKNOWN STEP	2026-09-03T20:20:08.7223640Z ^[[1m^[[31mE       TypeError: BlackTestCase.test_is_filesystem_root() missing 1 required positional argument: 'tmp_path'^[[0m
test (3.14, macOS-latest)	UNKNOWN STEP	2026-09-03T20:20:08.7224150Z 
test (3.14, macOS-latest)	UNKNOWN STEP	2026-09-03T20:20:08.7224640Z ^[[1m^[[31m/Library/Frameworks/Python.framework/Versions/3.14/lib/python3.14/unittest/case.py^[[0m:615: TypeError
test (3.14, macOS-latest)	UNKNOWN STEP	2026-09-03T20:20:08.7225720Z ================================ tests coverage ================================
test (3.14, macOS-latest)	UNKNOWN STEP	2026-09-03T20:20:08.7226280Z _______________ coverage: platform darwin, python 3.14.7-final-0 _______________
test (3.14, macOS-latest)	UNKNOWN STEP	2026-09-03T20:20:08.7226750Z 
test (3.14, macOS-latest)	UNKNOWN STEP	2026-09-03T20:20:08.7227060Z Name                                         Stmts   Miss Branch BrPart  Cover
test (3.14, macOS-latest)	UNKNOWN STEP	2026-09-03T20:20:08.7279570Z ^[[36m^[[1m=========================== short test summary info ============================^[[0m
test (3.14, macOS-latest)	UNKNOWN STEP	2026-09-03T20:20:08.7282510Z ^[[31mFAILED^[[0m tests/test_black.py::^[[1mBlackTestCase::test_is_filesystem_root^[[0m - TypeError: BlackTestCase.test_is_filesystem_root() missing 1 required posit...
test (3.14, macOS-latest)	UNKNOWN STEP	2026-09-03T20:20:08.7283450Z ^[[31m========= ^[[31m^[[1m1 failed^[[0m, ^[[32m483 passed^[[0m, ^[[33m1 skipped^[[0m, ^[[32m8 subtests passed^[[0m^[[31m in 19.85s^[[0m^[[31m =========^[[0m
test (3.14, macOS-latest)	UNKNOWN STEP	2026-09-03T20:20:08.7821650Z ci-py314: exit 1 (20.75 seconds) /Users/runner/work/black/black> pytest tests --run-optional no_jupyter --numprocesses auto --cov -v --color=yes pid=2572
test (3.14, macOS-latest)	UNKNOWN STEP	2026-09-03T20:20:08.7856530Z   ci-py314: FAIL code 1 (31.25=setup[3.28]+cmd[6.82,0.41,20.75] seconds)
test (3.14, macOS-latest)	UNKNOWN STEP	2026-09-03T20:20:08.7857500Z   evaluation failed :( (31.28 seconds)
test (3.14, macOS-latest)	UNKNOWN STEP	2026-09-03T20:20:08.8869680Z ##[error]Process completed with exit code 1.
test (3.14, macOS-latest)	UNKNOWN STEP	2026-09-03T20:20:08.9184080Z Post job cleanup.
test (3.14, macOS-latest)	UNKNOWN STEP	2026-09-03T20:20:09.5190550Z [command]/opt/homebrew/bin/git version
test (3.14, macOS-latest)	UNKNOWN STEP	2026-09-03T20:20:09.5370310Z git version 2.55.0
test (3.14, macOS-latest)	UNKNOWN STEP	2026-09-03T20:20:09.5476300Z Copying '/Users/runner/.gitconfig' to '/Users/runner/work/_temp/b5414cf9-e45e-4733-8473-3f0a56fade76/.gitconfig'
test (3.11, windows-latest)	UNKNOWN STEP	2026-09-03T20:22:15.7198491Z tests/test_format.py::test_line_ranges_line_by_line[pattern_matching] 
test (3.11, windows-latest)	UNKNOWN STEP	2026-09-03T20:22:18.1201004Z [gw0]^[[36m [100%] ^[[0m^[[32mPASSED^[[0m tests/test_format.py::test_line_ranges_line_by_line[pattern_matching] 
test (3.11, windows-latest)	UNKNOWN STEP	2026-09-03T20:22:18.1201789Z 
test (3.11, windows-latest)	UNKNOWN STEP	2026-09-03T20:22:18.1202172Z ================================== FAILURES ===================================
test (3.11, windows-latest)	UNKNOWN STEP	2026-09-03T20:22:18.1203461Z ^[[31m^[[1m____________________ BlackTestCase.test_is_filesystem_root ____________________^[[0m
test (3.11, windows-latest)	UNKNOWN STEP	2026-09-03T20:22:18.1205156Z [gw1] win32 -- Python 3.11.9 D:\a\black\black\.tox\ci-py311\Scripts\python.EXE
test (3.11, windows-latest)	UNKNOWN STEP	2026-09-03T20:22:18.1205572Z 
test (3.11, windows-latest)	UNKNOWN STEP	2026-09-03T20:22:18.1205732Z self = <unittest.case._Outcome object at 0x000002113C1CD610>
test (3.11, windows-latest)	UNKNOWN STEP	2026-09-03T20:22:18.1210388Z 
test (3.11, windows-latest)	UNKNOWN STEP	2026-09-03T20:22:18.1210673Z ^[[1m^[[31mC:\hostedtoolcache\windows\Python\3.11.9\x64\Lib\unittest\case.py^[[0m:57: 
test (3.11, windows-latest)	UNKNOWN STEP	2026-09-03T20:22:18.1211107Z _ _ _ _ _ _ _ _ _ _ _ _ _ _ _ _ _ _ _ _ _ _ _ _ _ _ _ _ _ _ _ _ _ _ _ _ _ _ _ _
test (3.11, windows-latest)	UNKNOWN STEP	2026-09-03T20:22:18.1211640Z ^[[1m^[[31mC:\hostedtoolcache\windows\Python\3.11.9\x64\Lib\unittest\case.py^[[0m:623: in run
test (3.11, windows-latest)	UNKNOWN STEP	2026-09-03T20:22:18.1212180Z     ^[[0m^[[96mself^[[39;49;00m._callTestMethod(testMethod)^[[90m^[[39;49;00m
test (3.11, windows-latest)	UNKNOWN STEP	2026-09-03T20:22:18.1212550Z _ _ _ _ _ _ _ _ _ _ _ _ _ _ _ _ _ _ _ _ _ _ _ _ _ _ _ _ _ _ _ _ _ _ _ _ _ _ _ _
test (3.11, windows-latest)	UNKNOWN STEP	2026-09-03T20:22:18.1212769Z 
test (3.11, windows-latest)	UNKNOWN STEP	2026-09-03T20:22:18.1212958Z self = <tests.test_black.BlackTestCase testMethod=test_is_filesystem_root>
test (3.11, windows-latest)	UNKNOWN STEP	2026-09-03T20:22:18.1215638Z            ^^^^^^^^^[[90m^[[39;49;00m
test (3.11, windows-latest)	UNKNOWN STEP	2026-09-03T20:22:18.1216204Z ^[[1m^[[31mE       TypeError: BlackTestCase.test_is_filesystem_root() missing 1 required positional argument: 'tmp_path'^[[0m
test (3.11, windows-latest)	UNKNOWN STEP	2026-09-03T20:22:18.1216632Z 
test (3.11, windows-latest)	UNKNOWN STEP	2026-09-03T20:22:18.1217155Z ^[[1m^[[31mC:\hostedtoolcache\windows\Python\3.11.9\x64\Lib\unittest\case.py^[[0m:579: TypeError
test (3.11, windows-latest)	UNKNOWN STEP	2026-09-03T20:22:18.1217628Z =============================== tests coverage ================================
test (3.11, windows-latest)	UNKNOWN STEP	2026-09-03T20:22:18.1218023Z _______________ coverage: platform win32, python 3.11.9-final-0 _______________
test (3.11, windows-latest)	UNKNOWN STEP	2026-09-03T20:22:18.1218304Z 
test (3.11, windows-latest)	UNKNOWN STEP	2026-09-03T20:22:18.1218440Z Name                                         Stmts   Miss Branch BrPart  Cover
test (3.11, windows-latest)	UNKNOWN STEP	2026-09-03T20:22:18.1238716Z ^[[36m^[[1m=========================== short test summary info ===========================^[[0m
test (3.11, windows-latest)	UNKNOWN STEP	2026-09-03T20:22:18.1241342Z ^[[31mFAILED^[[0m tests/test_black.py::^[[1mBlackTestCase::test_is_filesystem_root^[[0m - TypeError: BlackTestCase.test_is_filesystem_root() missing 1 required posit...
test (3.11, windows-latest)	UNKNOWN STEP	2026-09-03T20:22:18.1243235Z ^[[31m=== ^[[31m^[[1m1 failed^[[0m, ^[[32m482 passed^[[0m, ^[[33m2 skipped^[[0m, ^[[32m8 subtests passed^[[0m^[[31m in 126.96s (0:02:06)^[[0m^[[31m ===^[[0m
test (3.11, windows-latest)	UNKNOWN STEP	2026-09-03T20:22:18.1728711Z ci-py311: exit 1 (127.80 seconds) D:\a\black\black> pytest tests --run-optional no_jupyter --numprocesses auto --cov -v --color=yes pid=1948
test (3.11, windows-latest)	UNKNOWN STEP	2026-09-03T20:22:18.1738449Z   ci-py311: FAIL code 1 (152.66=setup[8.34]+cmd[16.27,0.25,127.80] seconds)
test (3.11, windows-latest)	UNKNOWN STEP	2026-09-03T20:22:18.1739178Z   evaluation failed :( (152.69 seconds)
test (3.11, windows-latest)	UNKNOWN STEP	2026-09-03T20:22:18.2799190Z ##[error]Process completed with exit code 1.
test (3.11, windows-latest)	UNKNOWN STEP	2026-09-03T20:22:18.3124842Z Post job cleanup.
test (3.11, windows-latest)	UNKNOWN STEP	2026-09-03T20:22:18.6595100Z [command]"C:\Program Files\Git\bin\git.exe" version
test (3.11, windows-latest)	UNKNOWN STEP	2026-09-03T20:22:18.6984888Z git version 2.55.0.windows.5
test (3.11, windows-latest)	UNKNOWN STEP	2026-09-03T20:22:18.7058327Z Temporarily overriding HOME='D:\a\_temp\68c65c91-e9c4-49b3-ad58-ac6715587a40' before making global git config changes
test (3.13, windows-latest)	UNKNOWN STEP	2026-09-03T20:22:00.4814301Z tests/test_ranges.py::test_parse_line_ranges_valid[lines_str0-expected0] 
test (3.13, windows-latest)	UNKNOWN STEP	2026-09-03T20:22:00.4815711Z [gw3]^[[36m [ 99%] ^[[0m^[[32mPASSED^[[0m tests/test_ranges.py::test_parse_line_ranges_valid[lines_str0-expected0] 
test (3.13, windows-latest)	UNKNOWN STEP	2026-09-03T20:22:00.4816854Z tests/test_ranges.py::test_parse_line_ranges_valid[lines_str1-expected1] 
test (3.13, windows-latest)	UNKNOWN STEP	2026-09-03T20:22:00.4818512Z [gw3]^[[36m [ 99%] ^[[0m^[[32mPASSED^[[0m tests/test_ranges.py::test_parse_line_ranges_valid[lines_str1-expected1] 
test (3.13, windows-latest)	UNKNOWN STEP	2026-09-03T20:22:00.4819682Z tests/test_ranges.py::test_parse_line_ranges_valid[lines_str2-expected2] 
test (3.13, windows-latest)	UNKNOWN STEP	2026-09-03T20:22:02.2455505Z [gw3]^[[36m [ 99%] ^[[0m^[[32mPASSED^[[0m tests/test_ranges.py::test_parse_line_ranges_valid[lines_str2-expected2] 
test (3.13, windows-latest)	UNKNOWN STEP	2026-09-03T20:22:02.2459217Z [gw2]^[[36m [ 99%] ^[[0m^[[32mPASSED^[[0m tests/test_format.py::test_line_ranges_line_by_line[basic] 
test (3.13, windows-latest)	UNKNOWN STEP	2026-09-03T20:22:02.2965155Z tests/test_format.py::test_line_ranges_line_by_line[function_docstring] 
test (3.13, windows-latest)	UNKNOWN STEP	2026-09-03T20:22:04.2542581Z [gw2]^[[36m [100%] ^[[0m^[[32mPASSED^[[0m tests/test_format.py::test_line_ranges_line_by_line[function_docstring] 
test (3.13, windows-latest)	UNKNOWN STEP	2026-09-03T20:22:04.2543679Z 
test (3.13, windows-latest)	UNKNOWN STEP	2026-09-03T20:22:04.2543910Z ================================== FAILURES ===================================
test (3.13, windows-latest)	UNKNOWN STEP	2026-09-03T20:22:04.2544825Z ^[[31m^[[1m____________________ BlackTestCase.test_is_filesystem_root ____________________^[[0m
test (3.13, windows-latest)	UNKNOWN STEP	2026-09-03T20:22:04.2545692Z [gw1] win32 -- Python 3.13.15 D:\a\black\black\.tox\ci-py313\Scripts\python.EXE
test (3.13, windows-latest)	UNKNOWN STEP	2026-09-03T20:22:04.2546178Z 
test (3.13, windows-latest)	UNKNOWN STEP	2026-09-03T20:22:04.2546419Z self = <unittest.case._Outcome object at 0x00000288A5D15570>
test (3.13, windows-latest)	UNKNOWN STEP	2026-09-03T20:22:04.2547191Z test_case = <tests.test_black.BlackTestCase testMethod=test_is_filesystem_root>
test (3.13, windows-latest)	UNKNOWN STEP	2026-09-03T20:22:04.2547820Z subTest = False
test (3.13, windows-latest)	UNKNOWN STEP	2026-09-03T20:22:04.2552888Z 
test (3.13, windows-latest)	UNKNOWN STEP	2026-09-03T20:22:04.2553348Z ^[[1m^[[31mC:\hostedtoolcache\windows\Python\3.13.15\x64\Lib\unittest\case.py^[[0m:58: 
test (3.13, windows-latest)	UNKNOWN STEP	2026-09-03T20:22:04.2554082Z _ _ _ _ _ _ _ _ _ _ _ _ _ _ _ _ _ _ _ _ _ _ _ _ _ _ _ _ _ _ _ _ _ _ _ _ _ _ _ _
test (3.13, windows-latest)	UNKNOWN STEP	2026-09-03T20:22:04.2555367Z ^[[1m^[[31mC:\hostedtoolcache\windows\Python\3.13.15\x64\Lib\unittest\case.py^[[0m:651: in run
test (3.13, windows-latest)	UNKNOWN STEP	2026-09-03T20:22:04.2556333Z     ^[[0m^[[96mself^[[39;49;00m._callTestMethod(testMethod)^[[90m^[[39;49;00m
test (3.13, windows-latest)	UNKNOWN STEP	2026-09-03T20:22:04.2557170Z _ _ _ _ _ _ _ _ _ _ _ _ _ _ _ _ _ _ _ _ _ _ _ _ _ _ _ _ _ _ _ _ _ _ _ _ _ _ _ _
test (3.13, windows-latest)	UNKNOWN STEP	2026-09-03T20:22:04.2557541Z 
test (3.13, windows-latest)	UNKNOWN STEP	2026-09-03T20:22:04.2557858Z self = <tests.test_black.BlackTestCase testMethod=test_is_filesystem_root>
test (3.13, windows-latest)	UNKNOWN STEP	2026-09-03T20:22:04.2562203Z            ^^^^^^^^^[[90m^[[39;49;00m
test (3.13, windows-latest)	UNKNOWN STEP	2026-09-03T20:22:04.2563438Z ^[[1m^[[31mE       TypeError: BlackTestCase.test_is_filesystem_root() missing 1 required positional argument: 'tmp_path'^[[0m
test (3.13, windows-latest)	UNKNOWN STEP	2026-09-03T20:22:04.2564149Z 
test (3.13, windows-latest)	UNKNOWN STEP	2026-09-03T20:22:04.2564666Z ^[[1m^[[31mC:\hostedtoolcache\windows\Python\3.13.15\x64\Lib\unittest\case.py^[[0m:606: TypeError
test (3.13, windows-latest)	UNKNOWN STEP	2026-09-03T20:22:04.2565411Z =============================== tests coverage ================================
test (3.13, windows-latest)	UNKNOWN STEP	2026-09-03T20:22:04.2566066Z ______________ coverage: platform win32, python 3.13.15-final-0 _______________
test (3.13, windows-latest)	UNKNOWN STEP	2026-09-03T20:22:04.2566500Z 
test (3.13, windows-latest)	UNKNOWN STEP	2026-09-03T20:22:04.2566714Z Name                                         Stmts   Miss Branch BrPart  Cover
test (3.13, windows-latest)	UNKNOWN STEP	2026-09-03T20:22:04.2599022Z ^[[36m^[[1m=========================== short test summary info ===========================^[[0m
test (3.13, windows-latest)	UNKNOWN STEP	2026-09-03T20:22:04.2600908Z ^[[31mFAILED^[[0m tests/test_black.py::^[[1mBlackTestCase::test_is_filesystem_root^[[0m - TypeError: BlackTestCase.test_is_filesystem_root() missing 1 required posit...
test (3.13, windows-latest)	UNKNOWN STEP	2026-09-03T20:22:04.2602553Z ^[[31m=== ^[[31m^[[1m1 failed^[[0m, ^[[32m483 passed^[[0m, ^[[33m1 skipped^[[0m, ^[[32m8 subtests passed^[[0m^[[31m in 104.98s (0:01:44)^[[0m^[[31m ===^[[0m
test (3.13, windows-latest)	UNKNOWN STEP	2026-09-03T20:22:04.3066449Z ci-py313: exit 1 (105.87 seconds) D:\a\black\black> pytest tests --run-optional no_jupyter --numprocesses auto --cov -v --color=yes pid=8592
test (3.13, windows-latest)	UNKNOWN STEP	2026-09-03T20:22:04.3075759Z   ci-py313: FAIL code 1 (133.72=setup[12.27]+cmd[15.33,0.26,105.87] seconds)
test (3.13, windows-latest)	UNKNOWN STEP	2026-09-03T20:22:04.3076234Z   evaluation failed :( (133.75 seconds)
test (3.13, windows-latest)	UNKNOWN STEP	2026-09-03T20:22:04.3954729Z ##[error]Process completed with exit code 1.
test (3.13, windows-latest)	UNKNOWN STEP	2026-09-03T20:22:04.4223855Z Post job cleanup.
test (3.13, windows-latest)	UNKNOWN STEP	2026-09-03T20:22:04.6319767Z [command]"C:\Program Files\Git\bin\git.exe" version
test (3.13, windows-latest)	UNKNOWN STEP	2026-09-03T20:22:04.6636889Z git version 2.55.0.windows.5
test (3.13, windows-latest)	UNKNOWN STEP	2026-09-03T20:22:04.6722323Z Temporarily overriding HOME='D:\a\_temp\672ea8ab-f0b5-4432-9ed9-2e85e6c7a9c4' before making global git config changes
test (3.15, windows-latest)	UNKNOWN STEP	2026-09-03T20:21:22.2041752Z tests/test_format.py::test_empty 
test (3.15, windows-latest)	UNKNOWN STEP	2026-09-03T20:21:22.2042462Z [gw1]^[[36m [ 99%] ^[[0m^[[32mPASSED^[[0m tests/test_format.py::test_empty 
test (3.15, windows-latest)	UNKNOWN STEP	2026-09-03T20:21:22.2043065Z tests/test_format.py::test_patma_invalid 
test (3.15, windows-latest)	UNKNOWN STEP	2026-09-03T20:21:22.2043839Z [gw1]^[[36m [ 99%] ^[[0m^[[32mPASSED^[[0m tests/test_format.py::test_patma_invalid 
test (3.15, windows-latest)	UNKNOWN STEP	2026-09-03T20:21:22.2546160Z tests/test_no_ipynb.py::test_ipynb_diff_with_no_change_single 
test (3.15, windows-latest)	UNKNOWN STEP	2026-09-03T20:21:22.4059217Z [gw1]^[[36m [ 99%] ^[[0m^[[32mPASSED^[[0m tests/test_no_ipynb.py::test_ipynb_diff_with_no_change_single 
test (3.15, windows-latest)	UNKNOWN STEP	2026-09-03T20:21:22.4064629Z [gw0]^[[36m [ 99%] ^[[0m^[[32mPASSED^[[0m tests/test_format.py::test_simple_format[slices] 
test (3.15, windows-latest)	UNKNOWN STEP	2026-09-03T20:21:22.4573569Z tests/test_format.py::test_simple_format[split_delimiter_comments] 
test (3.15, windows-latest)	UNKNOWN STEP	2026-09-03T20:21:24.4695820Z [gw0]^[[36m [100%] ^[[0m^[[32mPASSED^[[0m tests/test_format.py::test_simple_format[split_delimiter_comments] 
test (3.15, windows-latest)	UNKNOWN STEP	2026-09-03T20:21:24.4696474Z 
test (3.15, windows-latest)	UNKNOWN STEP	2026-09-03T20:21:24.4696662Z ================================== FAILURES ===================================
test (3.15, windows-latest)	UNKNOWN STEP	2026-09-03T20:21:24.4697457Z ^[[31m^[[1m____________________ BlackTestCase.test_is_filesystem_root ____________________^[[0m
test (3.15, windows-latest)	UNKNOWN STEP	2026-09-03T20:21:24.4698001Z [gw1] win32 -- Python 3.15.0 D:\a\black\black\.tox\ci-py315\Scripts\python.EXE
test (3.15, windows-latest)	UNKNOWN STEP	2026-09-03T20:21:24.4698298Z 
test (3.15, windows-latest)	UNKNOWN STEP	2026-09-03T20:21:24.4698896Z self = <unittest.case._Outcome object at 0x000002704F2F68F0>
test (3.15, windows-latest)	UNKNOWN STEP	2026-09-03T20:21:24.4699341Z test_case = <tests.test_black.BlackTestCase testMethod=test_is_filesystem_root>
test (3.15, windows-latest)	UNKNOWN STEP	2026-09-03T20:21:24.4699709Z subTest = False
test (3.15, windows-latest)	UNKNOWN STEP	2026-09-03T20:21:24.4699834Z 
test (3.15, windows-latest)	UNKNOWN STEP	2026-09-03T20:21:24.4700074Z     ^[[0m^[[37m@contextlib^[[39;49;00m.contextmanager^[[90m^[[39;49;00m
test (3.15, windows-latest)	UNKNOWN STEP	2026-09-03T20:21:24.4700808Z     ^[[94mdef^[[39;49;00m^[[90m ^[[39;49;00m^[[92mtestPartExecutor^[[39;49;00m(^[[96mself^[[39;49;00m, test_case, subTest=^[[94mFalse^[[39;49;00m):^[[90m^[[39;49;00m
test (3.15, windows-latest)	UNKNOWN STEP	2026-09-03T20:21:24.4701448Z         old_success = ^[[96mself^[[39;49;00m.success^[[90m^[[39;49;00m
test (3.15, windows-latest)	UNKNOWN STEP	2026-09-03T20:21:24.4702076Z         ^[[96mself^[[39;49;00m.success = ^[[94mTrue^[[39;49;00m^[[90m^[[39;49;00m
test (3.15, windows-latest)	UNKNOWN STEP	2026-09-03T20:21:24.4702468Z         ^[[94mtry^[[39;49;00m:^[[90m^[[39;49;00m
test (3.15, windows-latest)	UNKNOWN STEP	2026-09-03T20:21:24.4702790Z >           ^[[94myield^[[39;49;00m^[[90m^[[39;49;00m
test (3.15, windows-latest)	UNKNOWN STEP	2026-09-03T20:21:24.4702964Z 
test (3.15, windows-latest)	UNKNOWN STEP	2026-09-03T20:21:24.4703281Z ^[[1m^[[31mC:\hostedtoolcache\windows\Python\3.15.0-rc.2\x64\Lib\unittest\case.py^[[0m:58: 
test (3.15, windows-latest)	UNKNOWN STEP	2026-09-03T20:21:24.4703731Z _ _ _ _ _ _ _ _ _ _ _ _ _ _ _ _ _ _ _ _ _ _ _ _ _ _ _ _ _ _ _ _ _ _ _ _ _ _ _ _
test (3.15, windows-latest)	UNKNOWN STEP	2026-09-03T20:21:24.4704268Z ^[[1m^[[31mC:\hostedtoolcache\windows\Python\3.15.0-rc.2\x64\Lib\unittest\case.py^[[0m:691: in run
test (3.15, windows-latest)	UNKNOWN STEP	2026-09-03T20:21:24.4704811Z     ^[[0m^[[96mself^[[39;49;00m._callTestMethod(testMethod)^[[90m^[[39;49;00m
test (3.15, windows-latest)	UNKNOWN STEP	2026-09-03T20:21:24.4705172Z _ _ _ _ _ _ _ _ _ _ _ _ _ _ _ _ _ _ _ _ _ _ _ _ _ _ _ _ _ _ _ _ _ _ _ _ _ _ _ _
test (3.15, windows-latest)	UNKNOWN STEP	2026-09-03T20:21:24.4705392Z 
test (3.15, windows-latest)	UNKNOWN STEP	2026-09-03T20:21:24.4705585Z self = <tests.test_black.BlackTestCase testMethod=test_is_filesystem_root>
test (3.15, windows-latest)	UNKNOWN STEP	2026-09-03T20:21:24.4707877Z                  ^^^^^^^^^[[90m^[[39;49;00m
test (3.15, windows-latest)	UNKNOWN STEP	2026-09-03T20:21:24.4708427Z ^[[1m^[[31mE       TypeError: BlackTestCase.test_is_filesystem_root() missing 1 required positional argument: 'tmp_path'^[[0m
test (3.15, windows-latest)	UNKNOWN STEP	2026-09-03T20:21:24.4708838Z 
test (3.15, windows-latest)	UNKNOWN STEP	2026-09-03T20:21:24.4709168Z ^[[1m^[[31mC:\hostedtoolcache\windows\Python\3.15.0-rc.2\x64\Lib\unittest\case.py^[[0m:637: TypeError
test (3.15, windows-latest)	UNKNOWN STEP	2026-09-03T20:21:24.4709630Z =============================== tests coverage ================================
test (3.15, windows-latest)	UNKNOWN STEP	2026-09-03T20:21:24.4710269Z _____________ coverage: platform win32, python 3.15.0-candidate-2 _____________
test (3.15, windows-latest)	UNKNOWN STEP	2026-09-03T20:21:24.4710553Z 
test (3.15, windows-latest)	UNKNOWN STEP	2026-09-03T20:21:24.4710713Z Name                                         Stmts   Miss Branch BrPart  Cover
test (3.15, windows-latest)	UNKNOWN STEP	2026-09-03T20:21:24.4728697Z ^[[36m^[[1m=========================== short test summary info ===========================^[[0m
test (3.15, windows-latest)	UNKNOWN STEP	2026-09-03T20:21:24.4730332Z ^[[31mFAILED^[[0m tests/test_black.py::^[[1mBlackTestCase::test_is_filesystem_root^[[0m - TypeError: BlackTestCase.test_is_filesystem_root() missing 1 required posit...
test (3.15, windows-latest)	UNKNOWN STEP	2026-09-03T20:21:24.4731513Z ^[[31m======== ^[[31m^[[1m1 failed^[[0m, ^[[32m480 passed^[[0m, ^[[33m4 skipped^[[0m, ^[[32m8 subtests passed^[[0m^[[31m in 28.67s^[[0m^[[31m =========^[[0m
test (3.15, windows-latest)	UNKNOWN STEP	2026-09-03T20:21:24.5220961Z ci-py315: exit 1 (29.67 seconds) D:\a\black\black> pytest tests --run-optional no_jupyter --numprocesses auto --cov -v --color=yes pid=8808
test (3.15, windows-latest)	UNKNOWN STEP	2026-09-03T20:21:24.5229484Z   ci-py315: FAIL code 1 (66.16=setup[8.26]+cmd[28.02,0.21,29.67] seconds)
test (3.15, windows-latest)	UNKNOWN STEP	2026-09-03T20:21:24.5230148Z   evaluation failed :( (66.19 seconds)
test (3.15, windows-latest)	UNKNOWN STEP	2026-09-03T20:21:24.6166395Z ##[error]Process completed with exit code 1.
test (3.15, windows-latest)	UNKNOWN STEP	2026-09-03T20:21:24.6452779Z Post job cleanup.
test (3.15, windows-latest)	UNKNOWN STEP	2026-09-03T20:21:24.8300732Z [command]"C:\Program Files\Git\bin\git.exe" version
test (3.15, windows-latest)	UNKNOWN STEP	2026-09-03T20:21:24.8599764Z git version 2.55.0.windows.5
test (3.15, windows-latest)	UNKNOWN STEP	2026-09-03T20:21:24.8661035Z Temporarily overriding HOME='D:\a\_temp\021e832c-b016-4d90-bbcb-e966bc3fa548' before making global git config changes
test (3.15, ubuntu-latest)	UNKNOWN STEP	2026-09-03T20:20:39.6489543Z tests/test_format.py::test_simple_format[bracketmatch] 
test (3.15, ubuntu-latest)	UNKNOWN STEP	2026-09-03T20:20:39.6495724Z [gw0]^[[36m [ 99%] ^[[0m^[[32mPASSED^[[0m tests/test_format.py::test_simple_format[bracketmatch] 
test (3.15, ubuntu-latest)	UNKNOWN STEP	2026-09-03T20:20:39.7096438Z tests/test_format.py::test_simple_format[format_unicode_escape_seq] 
test (3.15, ubuntu-latest)	UNKNOWN STEP	2026-09-03T20:20:39.7102822Z [gw0]^[[36m [ 99%] ^[[0m^[[32mPASSED^[[0m tests/test_format.py::test_simple_format[format_unicode_escape_seq] 
test (3.15, ubuntu-latest)	UNKNOWN STEP	2026-09-03T20:20:39.7336531Z tests/test_format.py::test_simple_format[module_docstring_2] 
test (3.15, ubuntu-latest)	UNKNOWN STEP	2026-09-03T20:20:39.7343488Z [gw0]^[[36m [ 99%] ^[[0m^[[32mPASSED^[[0m tests/test_format.py::test_simple_format[module_docstring_2] 
test (3.15, ubuntu-latest)	UNKNOWN STEP	2026-09-03T20:20:39.8717654Z tests/test_format.py::test_simple_format[pattern_matching_complex] 
test (3.15, ubuntu-latest)	UNKNOWN STEP	2026-09-03T20:20:40.9380311Z [gw1]^[[36m [ 99%] ^[[0m^[[32mPASSED^[[0m tests/test_format.py::test_line_ranges_line_by_line[pattern_matching] 
test (3.15, ubuntu-latest)	UNKNOWN STEP	2026-09-03T20:20:43.0453631Z [gw0]^[[36m [100%] ^[[0m^[[32mPASSED^[[0m tests/test_format.py::test_simple_format[pattern_matching_complex] 
test (3.15, ubuntu-latest)	UNKNOWN STEP	2026-09-03T20:20:43.0454319Z 
test (3.15, ubuntu-latest)	UNKNOWN STEP	2026-09-03T20:20:43.0454555Z =================================== FAILURES ===================================
test (3.15, ubuntu-latest)	UNKNOWN STEP	2026-09-03T20:20:43.0455803Z ^[[31m^[[1m____________________ BlackTestCase.test_is_filesystem_root _____________________^[[0m
test (3.15, ubuntu-latest)	UNKNOWN STEP	2026-09-03T20:20:43.0463577Z 
test (3.15, ubuntu-latest)	UNKNOWN STEP	2026-09-03T20:20:43.0464062Z ^[[1m^[[31m/opt/hostedtoolcache/Python/3.15.0-rc.2/x64/lib/python3.15/unittest/case.py^[[0m:58: 
test (3.15, ubuntu-latest)	UNKNOWN STEP	2026-09-03T20:20:43.0465062Z _ _ _ _ _ _ _ _ _ _ _ _ _ _ _ _ _ _ _ _ _ _ _ _ _ _ _ _ _ _ _ _ _ _ _ _ _ _ _ _ 
test (3.15, ubuntu-latest)	UNKNOWN STEP	2026-09-03T20:20:43.0465915Z ^[[1m^[[31m/opt/hostedtoolcache/Python/3.15.0-rc.2/x64/lib/python3.15/unittest/case.py^[[0m:691: in run
test (3.15, ubuntu-latest)	UNKNOWN STEP	2026-09-03T20:20:43.0466771Z     ^[[0m^[[96mself^[[39;49;00m._callTestMethod(testMethod)^[[90m^[[39;49;00m
test (3.15, ubuntu-latest)	UNKNOWN STEP	2026-09-03T20:20:43.0467373Z _ _ _ _ _ _ _ _ _ _ _ _ _ _ _ _ _ _ _ _ _ _ _ _ _ _ _ _ _ _ _ _ _ _ _ _ _ _ _ _ 
test (3.15, ubuntu-latest)	UNKNOWN STEP	2026-09-03T20:20:43.0467730Z 
test (3.15, ubuntu-latest)	UNKNOWN STEP	2026-09-03T20:20:43.0468034Z self = <tests.test_black.BlackTestCase testMethod=test_is_filesystem_root>
test (3.15, ubuntu-latest)	UNKNOWN STEP	2026-09-03T20:20:43.0471769Z                  ^^^^^^^^^[[90m^[[39;49;00m
test (3.15, ubuntu-latest)	UNKNOWN STEP	2026-09-03T20:20:43.0472640Z ^[[1m^[[31mE       TypeError: BlackTestCase.test_is_filesystem_root() missing 1 required positional argument: 'tmp_path'^[[0m
test (3.15, ubuntu-latest)	UNKNOWN STEP	2026-09-03T20:20:43.0473276Z 
test (3.15, ubuntu-latest)	UNKNOWN STEP	2026-09-03T20:20:43.0473791Z ^[[1m^[[31m/opt/hostedtoolcache/Python/3.15.0-rc.2/x64/lib/python3.15/unittest/case.py^[[0m:637: TypeError
test (3.15, ubuntu-latest)	UNKNOWN STEP	2026-09-03T20:20:43.0474543Z ================================ tests coverage ================================
test (3.15, ubuntu-latest)	UNKNOWN STEP	2026-09-03T20:20:43.0475177Z _____________ coverage: platform linux, python 3.15.0-candidate-2 ______________
test (3.15, ubuntu-latest)	UNKNOWN STEP	2026-09-03T20:20:43.0475612Z 
test (3.15, ubuntu-latest)	UNKNOWN STEP	2026-09-03T20:20:43.0475852Z Name                                         Stmts   Miss Branch BrPart  Cover
test (3.15, ubuntu-latest)	UNKNOWN STEP	2026-09-03T20:20:43.0506052Z ^[[36m^[[1m=========================== short test summary info ============================^[[0m
test (3.15, ubuntu-latest)	UNKNOWN STEP	2026-09-03T20:20:43.0507822Z ^[[31mFAILED^[[0m tests/test_black.py::^[[1mBlackTestCase::test_is_filesystem_root^[[0m - TypeError: BlackTestCase.test_is_filesystem_root() missing 1 required posit...
test (3.15, ubuntu-latest)	UNKNOWN STEP	2026-09-03T20:20:43.0509520Z ^[[31m========= ^[[31m^[[1m1 failed^[[0m, ^[[32m480 passed^[[0m, ^[[33m4 skipped^[[0m, ^[[32m8 subtests passed^[[0m^[[31m in 30.43s^[[0m^[[31m =========^[[0m
test (3.15, ubuntu-latest)	UNKNOWN STEP	2026-09-03T20:20:43.1250787Z ci-py315: exit 1 (31.08 seconds) /home/runner/work/black/black> pytest tests --run-optional no_jupyter --numprocesses auto --cov -v --color=yes pid=2993
test (3.15, ubuntu-latest)	UNKNOWN STEP	2026-09-03T20:20:43.1256397Z   ci-py315: FAIL code 1 (53.15=setup[4.17]+cmd[17.75,0.15,31.08] seconds)
test (3.15, ubuntu-latest)	UNKNOWN STEP	2026-09-03T20:20:43.1257067Z   evaluation failed :( (53.18 seconds)
test (3.15, ubuntu-latest)	UNKNOWN STEP	2026-09-03T20:20:43.1758335Z ##[error]Process completed with exit code 1.
test (3.15, ubuntu-latest)	UNKNOWN STEP	2026-09-03T20:20:43.1897988Z Post job cleanup.
test (3.15, ubuntu-latest)	UNKNOWN STEP	2026-09-03T20:20:43.2783255Z [command]/usr/bin/git version
test (3.15, ubuntu-latest)	UNKNOWN STEP	2026-09-03T20:20:43.2822008Z git version 2.55.0
test (3.15, ubuntu-latest)	UNKNOWN STEP	2026-09-03T20:20:43.2856374Z Temporarily overriding HOME='/home/runner/work/_temp/c26d5b29-a648-4e47-b550-564b1e64be62' before making global git config changes
test (3.13, ubuntu-latest)	UNKNOWN STEP	2026-09-03T20:21:31.4548086Z tests/test_format.py::test_patma_invalid 
test (3.13, ubuntu-latest)	UNKNOWN STEP	2026-09-03T20:21:32.9935461Z [gw1]^[[36m [100%] ^[[0m^[[32mPASSED^[[0m tests/test_format.py::test_patma_invalid 
test (3.13, ubuntu-latest)	UNKNOWN STEP	2026-09-03T20:21:32.9936986Z 
test (3.13, ubuntu-latest)	UNKNOWN STEP	2026-09-03T20:21:32.9938030Z =================================== FAILURES ===================================
test (3.13, ubuntu-latest)	UNKNOWN STEP	2026-09-03T20:21:32.9939037Z ^[[31m^[[1m____________________ BlackTestCase.test_is_filesystem_root _____________________^[[0m
test (3.13, ubuntu-latest)	UNKNOWN STEP	2026-09-03T20:21:32.9939998Z [gw1] linux -- Python 3.13.15 /home/runner/work/black/black/.tox/ci-py313/bin/python
test (3.13, ubuntu-latest)	UNKNOWN STEP	2026-09-03T20:21:32.9940416Z 
test (3.13, ubuntu-latest)	UNKNOWN STEP	2026-09-03T20:21:32.9940626Z self = <unittest.case._Outcome object at 0x7f0a9c5c7ad0>
test (3.13, ubuntu-latest)	UNKNOWN STEP	2026-09-03T20:21:32.9941266Z test_case = <tests.test_black.BlackTestCase testMethod=test_is_filesystem_root>
test (3.13, ubuntu-latest)	UNKNOWN STEP	2026-09-03T20:21:32.9941775Z subTest = False
test (3.13, ubuntu-latest)	UNKNOWN STEP	2026-09-03T20:21:32.9941905Z 
test (3.13, ubuntu-latest)	UNKNOWN STEP	2026-09-03T20:21:32.9942272Z     ^[[0m^[[37m@contextlib^[[39;49;00m.contextmanager^[[90m^[[39;49;00m
test (3.13, ubuntu-latest)	UNKNOWN STEP	2026-09-03T20:21:32.9943036Z     ^[[94mdef^[[39;49;00m^[[90m ^[[39;49;00m^[[92mtestPartExecutor^[[39;49;00m(^[[96mself^[[39;49;00m, test_case, subTest=^[[94mFalse^[[39;49;00m):^[[90m^[[39;49;00m
test (3.13, ubuntu-latest)	UNKNOWN STEP	2026-09-03T20:21:32.9943777Z         old_success = ^[[96mself^[[39;49;00m.success^[[90m^[[39;49;00m
test (3.13, ubuntu-latest)	UNKNOWN STEP	2026-09-03T20:21:32.9944292Z         ^[[96mself^[[39;49;00m.success = ^[[94mTrue^[[39;49;00m^[[90m^[[39;49;00m
test (3.13, ubuntu-latest)	UNKNOWN STEP	2026-09-03T20:21:32.9944775Z         ^[[94mtry^[[39;49;00m:^[[90m^[[39;49;00m
test (3.13, ubuntu-latest)	UNKNOWN STEP	2026-09-03T20:21:32.9945209Z >           ^[[94myield^[[39;49;00m^[[90m^[[39;49;00m
test (3.13, ubuntu-latest)	UNKNOWN STEP	2026-09-03T20:21:32.9945405Z 
test (3.13, ubuntu-latest)	UNKNOWN STEP	2026-09-03T20:21:32.9945749Z ^[[1m^[[31m/opt/hostedtoolcache/Python/3.13.15/x64/lib/python3.13/unittest/case.py^[[0m:58: 
test (3.13, ubuntu-latest)	UNKNOWN STEP	2026-09-03T20:21:32.9946249Z _ _ _ _ _ _ _ _ _ _ _ _ _ _ _ _ _ _ _ _ _ _ _ _ _ _ _ _ _ _ _ _ _ _ _ _ _ _ _ _ 
test (3.13, ubuntu-latest)	UNKNOWN STEP	2026-09-03T20:21:32.9946891Z ^[[1m^[[31m/opt/hostedtoolcache/Python/3.13.15/x64/lib/python3.13/unittest/case.py^[[0m:651: in run
test (3.13, ubuntu-latest)	UNKNOWN STEP	2026-09-03T20:21:32.9947914Z     ^[[0m^[[96mself^[[39;49;00m._callTestMethod(testMethod)^[[90m^[[39;49;00m
test (3.13, ubuntu-latest)	UNKNOWN STEP	2026-09-03T20:21:32.9948637Z _ _ _ _ _ _ _ _ _ _ _ _ _ _ _ _ _ _ _ _ _ _ _ _ _ _ _ _ _ _ _ _ _ _ _ _ _ _ _ _ 
test (3.13, ubuntu-latest)	UNKNOWN STEP	2026-09-03T20:21:32.9948875Z 
test (3.13, ubuntu-latest)	UNKNOWN STEP	2026-09-03T20:21:32.9949114Z self = <tests.test_black.BlackTestCase testMethod=test_is_filesystem_root>
test (3.13, ubuntu-latest)	UNKNOWN STEP	2026-09-03T20:21:32.9949769Z method = <bound method BlackTestCase.test_is_filesystem_root of <tests.test_black.BlackTestCase testMethod=test_is_filesystem_root>>
test (3.13, ubuntu-latest)	UNKNOWN STEP	2026-09-03T20:21:32.9951974Z            ^^^^^^^^^[[90m^[[39;49;00m
test (3.13, ubuntu-latest)	UNKNOWN STEP	2026-09-03T20:21:32.9952595Z ^[[1m^[[31mE       TypeError: BlackTestCase.test_is_filesystem_root() missing 1 required positional argument: 'tmp_path'^[[0m
test (3.13, ubuntu-latest)	UNKNOWN STEP	2026-09-03T20:21:32.9953009Z 
test (3.13, ubuntu-latest)	UNKNOWN STEP	2026-09-03T20:21:32.9953368Z ^[[1m^[[31m/opt/hostedtoolcache/Python/3.13.15/x64/lib/python3.13/unittest/case.py^[[0m:606: TypeError
test (3.13, ubuntu-latest)	UNKNOWN STEP	2026-09-03T20:21:32.9953971Z ================================ tests coverage ================================
test (3.13, ubuntu-latest)	UNKNOWN STEP	2026-09-03T20:21:32.9954427Z _______________ coverage: platform linux, python 3.13.15-final-0 _______________
test (3.13, ubuntu-latest)	UNKNOWN STEP	2026-09-03T20:21:32.9954725Z 
test (3.13, ubuntu-latest)	UNKNOWN STEP	2026-09-03T20:21:32.9954930Z Name                                         Stmts   Miss Branch BrPart  Cover
test (3.13, ubuntu-latest)	UNKNOWN STEP	2026-09-03T20:21:32.9977964Z ^[[36m^[[1m=========================== short test summary info ============================^[[0m
test (3.13, ubuntu-latest)	UNKNOWN STEP	2026-09-03T20:21:32.9980853Z ^[[31mFAILED^[[0m tests/test_black.py::^[[1mBlackTestCase::test_is_filesystem_root^[[0m - TypeError: BlackTestCase.test_is_filesystem_root() missing 1 required posit...
test (3.13, ubuntu-latest)	UNKNOWN STEP	2026-09-03T20:21:32.9981953Z ^[[31m==== ^[[31m^[[1m1 failed^[[0m, ^[[32m483 passed^[[0m, ^[[33m1 skipped^[[0m, ^[[32m8 subtests passed^[[0m^[[31m in 88.10s (0:01:28)^[[0m^[[31m ====^[[0m
test (3.13, ubuntu-latest)	UNKNOWN STEP	2026-09-03T20:21:33.0331444Z ci-py313: exit 1 (88.75 seconds) /home/runner/work/black/black> pytest tests --run-optional no_jupyter --numprocesses auto --cov -v --color=yes pid=2668
test (3.13, ubuntu-latest)	UNKNOWN STEP	2026-09-03T20:21:33.0336735Z   ci-py313: FAIL code 1 (99.77=setup[4.46]+cmd[6.26,0.29,88.75] seconds)
test (3.13, ubuntu-latest)	UNKNOWN STEP	2026-09-03T20:21:33.0337213Z   evaluation failed :( (99.79 seconds)
test (3.13, ubuntu-latest)	UNKNOWN STEP	2026-09-03T20:21:33.0747435Z ##[error]Process completed with exit code 1.
test (3.13, ubuntu-latest)	UNKNOWN STEP	2026-09-03T20:21:33.0993588Z Post job cleanup.
test (3.13, ubuntu-latest)	UNKNOWN STEP	2026-09-03T20:21:33.1786893Z [command]/usr/bin/git version
test (3.13, ubuntu-latest)	UNKNOWN STEP	2026-09-03T20:21:33.1820150Z git version 2.55.0
test (3.13, ubuntu-latest)	UNKNOWN STEP	2026-09-03T20:21:33.1850518Z Temporarily overriding HOME='/home/runner/work/_temp/6f87fdb8-0e83-40e3-bab8-96ebd2502680' before making global git config changes
test (3.13, windows-11-arm)	UNKNOWN STEP	2026-09-03T20:21:17.3335372Z [gw1]^[[36m [ 99%] ^[[0m^[[32mPASSED^[[0m tests/test_format.py::test_line_ranges_line_by_line[function_docstring] 
test (3.13, windows-11-arm)	UNKNOWN STEP	2026-09-03T20:21:19.1473354Z tests/test_format.py::test_line_ranges_line_by_line[pattern_matching] 
test (3.13, windows-11-arm)	UNKNOWN STEP	2026-09-03T20:21:20.8743661Z [gw1]^[[36m [100%] ^[[0m^[[32mPASSED^[[0m tests/test_format.py::test_line_ranges_line_by_line[pattern_matching] 
test (3.13, windows-11-arm)	UNKNOWN STEP	2026-09-03T20:21:20.8744125Z 
test (3.13, windows-11-arm)	UNKNOWN STEP	2026-09-03T20:21:20.8744268Z ================================== FAILURES ===================================
test (3.13, windows-11-arm)	UNKNOWN STEP	2026-09-03T20:21:20.8744938Z ^[[31m^[[1m____________________ BlackTestCase.test_is_filesystem_root ____________________^[[0m
test (3.13, windows-11-arm)	UNKNOWN STEP	2026-09-03T20:21:20.8745477Z [gw1] win32 -- Python 3.13.15 C:\a\black\black\.tox\ci-py313\Scripts\python.EXE
test (3.13, windows-11-arm)	UNKNOWN STEP	2026-09-03T20:21:20.8745809Z 
test (3.13, windows-11-arm)	UNKNOWN STEP	2026-09-03T20:21:20.8745988Z self = <unittest.case._Outcome object at 0x000001E67A827BA0>
test (3.13, windows-11-arm)	UNKNOWN STEP	2026-09-03T20:21:20.8746473Z test_case = <tests.test_black.BlackTestCase testMethod=test_is_filesystem_root>
test (3.13, windows-11-arm)	UNKNOWN STEP	2026-09-03T20:21:20.8746875Z subTest = False
test (3.13, windows-11-arm)	UNKNOWN STEP	2026-09-03T20:21:20.8747019Z 
test (3.13, windows-11-arm)	UNKNOWN STEP	2026-09-03T20:21:20.8749970Z 
test (3.13, windows-11-arm)	UNKNOWN STEP	2026-09-03T20:21:20.8750278Z ^[[1m^[[31mC:\hostedtoolcache\windows\Python\3.13.15\arm64\Lib\unittest\case.py^[[0m:58: 
test (3.13, windows-11-arm)	UNKNOWN STEP	2026-09-03T20:21:20.8750701Z _ _ _ _ _ _ _ _ _ _ _ _ _ _ _ _ _ _ _ _ _ _ _ _ _ _ _ _ _ _ _ _ _ _ _ _ _ _ _ _
test (3.13, windows-11-arm)	UNKNOWN STEP	2026-09-03T20:21:20.8751613Z ^[[1m^[[31mC:\hostedtoolcache\windows\Python\3.13.15\arm64\Lib\unittest\case.py^[[0m:651: in run
test (3.13, windows-11-arm)	UNKNOWN STEP	2026-09-03T20:21:20.8752274Z     ^[[0m^[[96mself^[[39;49;00m._callTestMethod(testMethod)^[[90m^[[39;49;00m
test (3.13, windows-11-arm)	UNKNOWN STEP	2026-09-03T20:21:20.8752643Z _ _ _ _ _ _ _ _ _ _ _ _ _ _ _ _ _ _ _ _ _ _ _ _ _ _ _ _ _ _ _ _ _ _ _ _ _ _ _ _
test (3.13, windows-11-arm)	UNKNOWN STEP	2026-09-03T20:21:20.8752858Z 
test (3.13, windows-11-arm)	UNKNOWN STEP	2026-09-03T20:21:20.8753040Z self = <tests.test_black.BlackTestCase testMethod=test_is_filesystem_root>
test (3.13, windows-11-arm)	UNKNOWN STEP	2026-09-03T20:21:20.8756040Z            ^^^^^^^^^[[90m^[[39;49;00m
test (3.13, windows-11-arm)	UNKNOWN STEP	2026-09-03T20:21:20.8756578Z ^[[1m^[[31mE       TypeError: BlackTestCase.test_is_filesystem_root() missing 1 required positional argument: 'tmp_path'^[[0m
test (3.13, windows-11-arm)	UNKNOWN STEP	2026-09-03T20:21:20.8757181Z 
test (3.13, windows-11-arm)	UNKNOWN STEP	2026-09-03T20:21:20.8757569Z ^[[1m^[[31mC:\hostedtoolcache\windows\Python\3.13.15\arm64\Lib\unittest\case.py^[[0m:606: TypeError
test (3.13, windows-11-arm)	UNKNOWN STEP	2026-09-03T20:21:20.8758059Z =============================== tests coverage ================================
test (3.13, windows-11-arm)	UNKNOWN STEP	2026-09-03T20:21:20.8758444Z ______________ coverage: platform win32, python 3.13.15-final-0 _______________
test (3.13, windows-11-arm)	UNKNOWN STEP	2026-09-03T20:21:20.8758705Z 
test (3.13, windows-11-arm)	UNKNOWN STEP	2026-09-03T20:21:20.8758832Z Name                                         Stmts   Miss Branch BrPart  Cover
test (3.13, windows-11-arm)	UNKNOWN STEP	2026-09-03T20:21:20.8779071Z ^[[36m^[[1m=========================== short test summary info ===========================^[[0m
test (3.13, windows-11-arm)	UNKNOWN STEP	2026-09-03T20:21:20.8780513Z ^[[31mFAILED^[[0m tests/test_black.py::^[[1mBlackTestCase::test_is_filesystem_root^[[0m - TypeError: BlackTestCase.test_is_filesystem_root() missing 1 required posit...
test (3.13, windows-11-arm)	UNKNOWN STEP	2026-09-03T20:21:20.8781512Z ^[[31m=== ^[[31m^[[1m1 failed^[[0m, ^[[32m483 passed^[[0m, ^[[33m1 skipped^[[0m, ^[[32m8 subtests passed^[[0m^[[31m in 62.96s (0:01:02)^[[0m^[[31m ====^[[0m
test (3.13, windows-11-arm)	UNKNOWN STEP	2026-09-03T20:21:20.9469716Z ci-py313: exit 1 (64.22 seconds) C:\a\black\black> pytest tests --run-optional no_jupyter --numprocesses auto --cov -v --color=yes pid=3452
test (3.13, windows-11-arm)	UNKNOWN STEP	2026-09-03T20:21:20.9479591Z   ci-py313: FAIL code 1 (85.43=setup[9.20]+cmd[11.75,0.27,64.22] seconds)
test (3.13, windows-11-arm)	UNKNOWN STEP	2026-09-03T20:21:20.9479954Z   evaluation failed :( (85.51 seconds)
test (3.13, windows-11-arm)	UNKNOWN STEP	2026-09-03T20:21:21.0509153Z ##[error]Process completed with exit code 1.
test (3.13, windows-11-arm)	UNKNOWN STEP	2026-09-03T20:21:21.0856230Z Post job cleanup.
test (3.13, windows-11-arm)	UNKNOWN STEP	2026-09-03T20:21:21.3769188Z [command]"C:\Program Files\Git\bin\git.exe" version
test (3.13, windows-11-arm)	UNKNOWN STEP	2026-09-03T20:21:21.4248998Z git version 2.55.0.windows.5
test (3.13, windows-11-arm)	UNKNOWN STEP	2026-09-03T20:21:21.4329821Z Temporarily overriding HOME='C:\a\_temp\de6006ad-ef4b-4ad0-98dd-8dfed9504622' before making global git config changes
test (3.10, macOS-latest)	UNKNOWN STEP	2026-09-03T20:21:38.6336130Z =================================== FAILURES ===================================
test (3.10, macOS-latest)	UNKNOWN STEP	2026-09-03T20:21:38.6337330Z ^[[31m^[[1m____________________ BlackTestCase.test_is_filesystem_root _____________________^[[0m
test (3.10, macOS-latest)	UNKNOWN STEP	2026-09-03T20:21:38.6338620Z [gw1] darwin -- Python 3.10.11 /Users/runner/work/black/black/.tox/ci-py310/bin/python
test (3.10, macOS-latest)	UNKNOWN STEP	2026-09-03T20:21:38.6339460Z 
test (3.10, macOS-latest)	UNKNOWN STEP	2026-09-03T20:21:38.6339730Z self = <unittest.case._Outcome object at 0x107203910>
test (3.10, macOS-latest)	UNKNOWN STEP	2026-09-03T20:21:38.6340630Z test_case = <tests.test_black.BlackTestCase testMethod=test_is_filesystem_root>
test (3.10, macOS-latest)	UNKNOWN STEP	2026-09-03T20:21:38.6341520Z isTest = True
test (3.10, macOS-latest)	UNKNOWN STEP	2026-09-03T20:21:38.6341800Z 
test (3.10, macOS-latest)	UNKNOWN STEP	2026-09-03T20:21:38.6342350Z     ^[[0m^[[37m@contextlib^[[39;49;00m.contextmanager^[[90m^[[39;49;00m
test (3.10, macOS-latest)	UNKNOWN STEP	2026-09-03T20:21:38.6344020Z     ^[[94mdef^[[39;49;00m^[[90m ^[[39;49;00m^[[92mtestPartExecutor^[[39;49;00m(^[[96mself^[[39;49;00m, test_case, isTest=^[[94mFalse^[[39;49;00m):^[[90m^[[39;49;00m
test (3.10, macOS-latest)	UNKNOWN STEP	2026-09-03T20:21:38.6345550Z         old_success = ^[[96mself^[[39;49;00m.success^[[90m^[[39;49;00m
test (3.10, macOS-latest)	UNKNOWN STEP	2026-09-03T20:21:38.6346490Z         ^[[96mself^[[39;49;00m.success = ^[[94mTrue^[[39;49;00m^[[90m^[[39;49;00m
test (3.10, macOS-latest)	UNKNOWN STEP	2026-09-03T20:21:38.6347290Z         ^[[94mtry^[[39;49;00m:^[[90m^[[39;49;00m
test (3.10, macOS-latest)	UNKNOWN STEP	2026-09-03T20:21:38.6348150Z >           ^[[94myield^[[39;49;00m^[[90m^[[39;49;00m
test (3.10, macOS-latest)	UNKNOWN STEP	2026-09-03T20:21:38.6348600Z 
test (3.10, macOS-latest)	UNKNOWN STEP	2026-09-03T20:21:38.6349350Z ^[[1m^[[31m/Library/Frameworks/Python.framework/Versions/3.10/lib/python3.10/unittest/case.py^[[0m:59: 
test (3.10, macOS-latest)	UNKNOWN STEP	2026-09-03T20:21:38.6350480Z _ _ _ _ _ _ _ _ _ _ _ _ _ _ _ _ _ _ _ _ _ _ _ _ _ _ _ _ _ _ _ _ _ _ _ _ _ _ _ _ 
test (3.10, macOS-latest)	UNKNOWN STEP	2026-09-03T20:21:38.6351750Z ^[[1m^[[31m/Library/Frameworks/Python.framework/Versions/3.10/lib/python3.10/unittest/case.py^[[0m:591: in run
test (3.10, macOS-latest)	UNKNOWN STEP	2026-09-03T20:21:38.6366220Z     ^[[0m^[[96mself^[[39;49;00m._callTestMethod(testMethod)^[[90m^[[39;49;00m
test (3.10, macOS-latest)	UNKNOWN STEP	2026-09-03T20:21:38.6367690Z _ _ _ _ _ _ _ _ _ _ _ _ _ _ _ _ _ _ _ _ _ _ _ _ _ _ _ _ _ _ _ _ _ _ _ _ _ _ _ _ 
test (3.10, macOS-latest)	UNKNOWN STEP	2026-09-03T20:21:38.6368220Z 
test (3.10, macOS-latest)	UNKNOWN STEP	2026-09-03T20:21:38.6368640Z self = <tests.test_black.BlackTestCase testMethod=test_is_filesystem_root>
test (3.10, macOS-latest)	UNKNOWN STEP	2026-09-03T20:21:38.6370100Z method = <bound method BlackTestCase.test_is_filesystem_root of <tests.test_black.BlackTestCase testMethod=test_is_filesystem_root>>
test (3.10, macOS-latest)	UNKNOWN STEP	2026-09-03T20:21:38.6370620Z 
test (3.10, macOS-latest)	UNKNOWN STEP	2026-09-03T20:21:38.6371450Z     ^[[0m^[[94mdef^[[39;49;00m^[[90m ^[[39;49;00m^[[92m_callTestMethod^[[39;49;00m(^[[96mself^[[39;49;00m, method):^[[90m^[[39;49;00m
test (3.10, macOS-latest)	UNKNOWN STEP	2026-09-03T20:21:38.6372230Z >       method()^[[90m^[[39;49;00m
test (3.10, macOS-latest)	UNKNOWN STEP	2026-09-03T20:21:38.6372830Z ^[[1m^[[31mE       TypeError: BlackTestCase.test_is_filesystem_root() missing 1 required positional argument: 'tmp_path'^[[0m
test (3.10, macOS-latest)	UNKNOWN STEP	2026-09-03T20:21:38.6373660Z 
test (3.10, macOS-latest)	UNKNOWN STEP	2026-09-03T20:21:38.6374770Z ^[[1m^[[31m/Library/Frameworks/Python.framework/Versions/3.10/lib/python3.10/unittest/case.py^[[0m:549: TypeError
test (3.10, macOS-latest)	UNKNOWN STEP	2026-09-03T20:21:38.6387710Z ================================ tests coverage ================================
test (3.10, macOS-latest)	UNKNOWN STEP	2026-09-03T20:21:38.6388160Z ______________ coverage: platform darwin, python 3.10.11-final-0 _______________
test (3.10, macOS-latest)	UNKNOWN STEP	2026-09-03T20:21:38.6389050Z 
test (3.10, macOS-latest)	UNKNOWN STEP	2026-09-03T20:21:38.6389480Z Name                                         Stmts   Miss Branch BrPart  Cover
test (3.10, macOS-latest)	UNKNOWN STEP	2026-09-03T20:21:38.6471030Z ^[[36m^[[1m=========================== short test summary info ============================^[[0m
test (3.10, macOS-latest)	UNKNOWN STEP	2026-09-03T20:21:38.6480170Z ^[[31mFAILED^[[0m tests/test_black.py::^[[1mBlackTestCase::test_is_filesystem_root^[[0m - TypeError: BlackTestCase.test_is_filesystem_root() missing 1 required posit...
test (3.10, macOS-latest)	UNKNOWN STEP	2026-09-03T20:21:38.6482080Z ^[[31m==== ^[[31m^[[1m1 failed^[[0m, ^[[32m482 passed^[[0m, ^[[33m2 skipped^[[0m, ^[[32m8 subtests passed^[[0m^[[31m in 88.91s (0:01:28)^[[0m^[[31m ====^[[0m
test (3.10, macOS-latest)	UNKNOWN STEP	2026-09-03T20:21:38.6982030Z ci-py310: exit 1 (89.44 seconds) /Users/runner/work/black/black> pytest tests --run-optional no_jupyter --numprocesses auto --cov -v --color=yes pid=2392
test (3.10, macOS-latest)	UNKNOWN STEP	2026-09-03T20:21:38.7008500Z   ci-py310: FAIL code 1 (102.40=setup[7.35]+cmd[5.48,0.13,89.44] seconds)
test (3.10, macOS-latest)	UNKNOWN STEP	2026-09-03T20:21:38.7009490Z   evaluation failed :( (102.43 seconds)
test (3.10, macOS-latest)	UNKNOWN STEP	2026-09-03T20:21:38.8236360Z ##[error]Process completed with exit code 1.
test (3.10, macOS-latest)	UNKNOWN STEP	2026-09-03T20:21:38.8616080Z Post job cleanup.
test (3.10, macOS-latest)	UNKNOWN STEP	2026-09-03T20:21:39.3689230Z [command]/opt/homebrew/bin/git version
test (3.10, macOS-latest)	UNKNOWN STEP	2026-09-03T20:21:39.3998740Z git version 2.55.0
test (3.10, macOS-latest)	UNKNOWN STEP	2026-09-03T20:21:39.4285770Z Copying '/Users/runner/.gitconfig' to '/Users/runner/work/_temp/2df7729e-bb64-40cc-84bb-7bdb26c39158/.gitconfig'
test (3.15, windows-11-arm)	UNKNOWN STEP	2026-09-03T20:22:18.2000968Z tests/test_ranges.py::test_parse_line_ranges_invalid[lines_str2] 
test (3.15, windows-11-arm)	UNKNOWN STEP	2026-09-03T20:22:19.8676666Z [gw1]^[[36m [100%] ^[[0m^[[32mPASSED^[[0m tests/test_ranges.py::test_parse_line_ranges_invalid[lines_str2] 
test (3.15, windows-11-arm)	UNKNOWN STEP	2026-09-03T20:22:19.8677095Z 
test (3.15, windows-11-arm)	UNKNOWN STEP	2026-09-03T20:22:19.8677225Z ================================== FAILURES ===================================
test (3.15, windows-11-arm)	UNKNOWN STEP	2026-09-03T20:22:19.8677765Z ^[[31m^[[1m____________________ BlackTestCase.test_is_filesystem_root ____________________^[[0m
test (3.15, windows-11-arm)	UNKNOWN STEP	2026-09-03T20:22:19.8678247Z [gw1] win32 -- Python 3.15.0 C:\a\black\black\.tox\ci-py315\Scripts\python.EXE
test (3.15, windows-11-arm)	UNKNOWN STEP	2026-09-03T20:22:19.8678839Z 
test (3.15, windows-11-arm)	UNKNOWN STEP	2026-09-03T20:22:19.8684371Z 
test (3.15, windows-11-arm)	UNKNOWN STEP	2026-09-03T20:22:19.8684666Z ^[[1m^[[31mC:\hostedtoolcache\windows\Python\3.15.0-rc.2\arm64\Lib\unittest\case.py^[[0m:58: 
test (3.15, windows-11-arm)	UNKNOWN STEP	2026-09-03T20:22:19.8685108Z _ _ _ _ _ _ _ _ _ _ _ _ _ _ _ _ _ _ _ _ _ _ _ _ _ _ _ _ _ _ _ _ _ _ _ _ _ _ _ _
test (3.15, windows-11-arm)	UNKNOWN STEP	2026-09-03T20:22:19.8685625Z ^[[1m^[[31mC:\hostedtoolcache\windows\Python\3.15.0-rc.2\arm64\Lib\unittest\case.py^[[0m:691: in run
test (3.15, windows-11-arm)	UNKNOWN STEP	2026-09-03T20:22:19.8686153Z     ^[[0m^[[96mself^[[39;49;00m._callTestMethod(testMethod)^[[90m^[[39;49;00m
test (3.15, windows-11-arm)	UNKNOWN STEP	2026-09-03T20:22:19.8686509Z _ _ _ _ _ _ _ _ _ _ _ _ _ _ _ _ _ _ _ _ _ _ _ _ _ _ _ _ _ _ _ _ _ _ _ _ _ _ _ _
test (3.15, windows-11-arm)	UNKNOWN STEP	2026-09-03T20:22:19.8686727Z 
test (3.15, windows-11-arm)	UNKNOWN STEP	2026-09-03T20:22:19.8686911Z self = <tests.test_black.BlackTestCase testMethod=test_is_filesystem_root>
test (3.15, windows-11-arm)	UNKNOWN STEP	2026-09-03T20:22:19.8689113Z                  ^^^^^^^^^[[90m^[[39;49;00m
test (3.15, windows-11-arm)	UNKNOWN STEP	2026-09-03T20:22:19.8689647Z ^[[1m^[[31mE       TypeError: BlackTestCase.test_is_filesystem_root() missing 1 required positional argument: 'tmp_path'^[[0m
test (3.15, windows-11-arm)	UNKNOWN STEP	2026-09-03T20:22:19.8690058Z 
test (3.15, windows-11-arm)	UNKNOWN STEP	2026-09-03T20:22:19.8690369Z ^[[1m^[[31mC:\hostedtoolcache\windows\Python\3.15.0-rc.2\arm64\Lib\unittest\case.py^[[0m:637: TypeError
test (3.15, windows-11-arm)	UNKNOWN STEP	2026-09-03T20:22:19.8690838Z =============================== tests coverage ================================
test (3.15, windows-11-arm)	UNKNOWN STEP	2026-09-03T20:22:19.8691224Z _____________ coverage: platform win32, python 3.15.0-candidate-2 _____________
test (3.15, windows-11-arm)	UNKNOWN STEP	2026-09-03T20:22:19.8691492Z 
test (3.15, windows-11-arm)	UNKNOWN STEP	2026-09-03T20:22:19.8691626Z Name                                         Stmts   Miss Branch BrPart  Cover
test (3.15, windows-11-arm)	UNKNOWN STEP	2026-09-03T20:22:19.8711015Z ^[[36m^[[1m=========================== short test summary info ===========================^[[0m
test (3.15, windows-11-arm)	UNKNOWN STEP	2026-09-03T20:22:19.8713488Z ^[[31mFAILED^[[0m tests/test_black.py::^[[1mBlackTestCase::test_is_filesystem_root^[[0m - TypeError: BlackTestCase.test_is_filesystem_root() missing 1 required posit...
test (3.15, windows-11-arm)	UNKNOWN STEP	2026-09-03T20:22:19.8714901Z ^[[31m======== ^[[31m^[[1m1 failed^[[0m, ^[[32m480 passed^[[0m, ^[[33m4 skipped^[[0m, ^[[32m8 subtests passed^[[0m^[[31m in 18.46s^[[0m^[[31m =========^[[0m
test (3.15, windows-11-arm)	UNKNOWN STEP	2026-09-03T20:22:19.9202670Z ci-py315: exit 1 (19.31 seconds) C:\a\black\black> pytest tests --run-optional no_jupyter --numprocesses auto --cov -v --color=yes pid=7096
test (3.15, windows-11-arm)	UNKNOWN STEP	2026-09-03T20:22:19.9211180Z   ci-py315: FAIL code 1 (61.81=setup[12.24]+cmd[29.99,0.27,19.31] seconds)
test (3.15, windows-11-arm)	UNKNOWN STEP	2026-09-03T20:22:19.9211556Z   evaluation failed :( (61.84 seconds)
test (3.15, windows-11-arm)	UNKNOWN STEP	2026-09-03T20:22:20.0208720Z ##[error]Process completed with exit code 1.
test (3.15, windows-11-arm)	UNKNOWN STEP	2026-09-03T20:22:20.0579553Z Post job cleanup.
test (3.15, windows-11-arm)	UNKNOWN STEP	2026-09-03T20:22:20.3486442Z [command]"C:\Program Files\Git\bin\git.exe" version
test (3.15, windows-11-arm)	UNKNOWN STEP	2026-09-03T20:22:20.3957186Z git version 2.55.0.windows.5
test (3.15, windows-11-arm)	UNKNOWN STEP	2026-09-03T20:22:20.4042528Z Temporarily overriding HOME='C:\a\_temp\f9df49c8-a75b-45a0-b72f-a2eee2e3e52b' before making global git config changes
test (pypy3.11-v7.3.22, windows-latest)	UNKNOWN STEP	2026-09-03T20:21:04.6444530Z ........................................................................ [ 29%]
test (pypy3.11-v7.3.22, windows-latest)	UNKNOWN STEP	2026-09-03T20:21:13.6041348Z .................................................s...................... [ 44%]
test (pypy3.11-v7.3.22, windows-latest)	UNKNOWN STEP	2026-09-03T20:21:25.8121209Z ........................................................................ [ 59%]
test (pypy3.11-v7.3.22, windows-latest)	UNKNOWN STEP	2026-09-03T20:21:43.8050808Z ........................................................................ [ 74%]
test (pypy3.11-v7.3.22, windows-latest)	UNKNOWN STEP	2026-09-03T20:21:57.6226368Z ........................................................................ [ 89%]
test (pypy3.11-v7.3.22, windows-latest)	UNKNOWN STEP	2026-09-03T20:22:03.6797349Z ....................................................                     [100%]
test (pypy3.11-v7.3.22, windows-latest)	UNKNOWN STEP	2026-09-03T20:22:03.6798084Z ================================== FAILURES ===================================
test (pypy3.11-v7.3.22, windows-latest)	UNKNOWN STEP	2026-09-03T20:22:03.6798796Z ____________________ BlackTestCase.test_is_filesystem_root ____________________
test (pypy3.11-v7.3.22, windows-latest)	UNKNOWN STEP	2026-09-03T20:22:03.6799586Z [gw1] win32 -- Python 3.11.15 D:\a\black\black\.tox\ci-pypy3\Scripts\python.EXE
test (pypy3.11-v7.3.22, windows-latest)	UNKNOWN STEP	2026-09-03T20:22:03.6800555Z 
test (pypy3.11-v7.3.22, windows-latest)	UNKNOWN STEP	2026-09-03T20:22:03.6801038Z self = <unittest.case._Outcome object at 0x00000162e749b788>
test (pypy3.11-v7.3.22, windows-latest)	UNKNOWN STEP	2026-09-03T20:22:03.6801835Z test_case = <tests.test_black.BlackTestCase testMethod=test_is_filesystem_root>
test (pypy3.11-v7.3.22, windows-latest)	UNKNOWN STEP	2026-09-03T20:22:03.6802513Z subTest = False
test (pypy3.11-v7.3.22, windows-latest)	UNKNOWN STEP	2026-09-03T20:22:03.6802718Z 
test (pypy3.11-v7.3.22, windows-latest)	UNKNOWN STEP	2026-09-03T20:22:03.6802877Z     @contextlib.contextmanager
test (pypy3.11-v7.3.22, windows-latest)	UNKNOWN STEP	2026-09-03T20:22:03.6803213Z     def testPartExecutor(self, test_case, subTest=False):
test (pypy3.11-v7.3.22, windows-latest)	UNKNOWN STEP	2026-09-03T20:22:03.6803718Z         old_success = self.success
test (pypy3.11-v7.3.22, windows-latest)	UNKNOWN STEP	2026-09-03T20:22:03.6803979Z         self.success = True
test (pypy3.11-v7.3.22, windows-latest)	UNKNOWN STEP	2026-09-03T20:22:03.6804206Z         try:
test (pypy3.11-v7.3.22, windows-latest)	UNKNOWN STEP	2026-09-03T20:22:03.6804390Z >           yield
test (pypy3.11-v7.3.22, windows-latest)	UNKNOWN STEP	2026-09-03T20:22:03.6804514Z 
test (pypy3.11-v7.3.22, windows-latest)	UNKNOWN STEP	2026-09-03T20:22:03.6804728Z C:\hostedtoolcache\windows\PyPy\3.11.15\x64\Lib\unittest\case.py:57: 
test (pypy3.11-v7.3.22, windows-latest)	UNKNOWN STEP	2026-09-03T20:22:03.6805191Z _ _ _ _ _ _ _ _ _ _ _ _ _ _ _ _ _ _ _ _ _ _ _ _ _ _ _ _ _ _ _ _ _ _ _ _ _ _ _ _
test (pypy3.11-v7.3.22, windows-latest)	UNKNOWN STEP	2026-09-03T20:22:03.6805677Z C:\hostedtoolcache\windows\PyPy\3.11.15\x64\Lib\unittest\case.py:623: in run
test (pypy3.11-v7.3.22, windows-latest)	UNKNOWN STEP	2026-09-03T20:22:03.6806124Z     self._callTestMethod(testMethod)
test (pypy3.11-v7.3.22, windows-latest)	UNKNOWN STEP	2026-09-03T20:22:03.6806391Z          ^^^^^^^^^^^^^^^
test (pypy3.11-v7.3.22, windows-latest)	UNKNOWN STEP	2026-09-03T20:22:03.6806706Z _ _ _ _ _ _ _ _ _ _ _ _ _ _ _ _ _ _ _ _ _ _ _ _ _ _ _ _ _ _ _ _ _ _ _ _ _ _ _ _
test (pypy3.11-v7.3.22, windows-latest)	UNKNOWN STEP	2026-09-03T20:22:03.6807083Z 
test (pypy3.11-v7.3.22, windows-latest)	UNKNOWN STEP	2026-09-03T20:22:03.6811942Z            ^^^^^^^^
test (pypy3.11-v7.3.22, windows-latest)	UNKNOWN STEP	2026-09-03T20:22:03.6812674Z E       TypeError: BlackTestCase.test_is_filesystem_root() missing 1 required positional argument: 'tmp_path'
test (pypy3.11-v7.3.22, windows-latest)	UNKNOWN STEP	2026-09-03T20:22:03.6813421Z 
test (pypy3.11-v7.3.22, windows-latest)	UNKNOWN STEP	2026-09-03T20:22:03.6813756Z C:\hostedtoolcache\windows\PyPy\3.11.15\x64\Lib\unittest\case.py:579: TypeError
test (pypy3.11-v7.3.22, windows-latest)	UNKNOWN STEP	2026-09-03T20:22:03.6814503Z =========================== short test summary info ===========================
test (pypy3.11-v7.3.22, windows-latest)	UNKNOWN STEP	2026-09-03T20:22:03.6815258Z FAILED tests/test_black.py::BlackTestCase::test_is_filesystem_root - TypeErro...
test (pypy3.11-v7.3.22, windows-latest)	UNKNOWN STEP	2026-09-03T20:22:03.6816020Z ============= 1 failed, 482 passed, 2 skipped in 76.44s (0:01:16) =============
test (pypy3.11-v7.3.22, windows-latest)	UNKNOWN STEP	2026-09-03T20:22:03.6844327Z ci-pypy3: exit 1 (78.19 seconds) D:\a\black\black> pytest tests --run-optional no_jupyter --numprocesses auto pid=8232
test (pypy3.11-v7.3.22, windows-latest)	UNKNOWN STEP	2026-09-03T20:22:03.6858568Z   ci-pypy3: FAIL code 1 (114.27=setup[11.53]+cmd[24.55,78.19] seconds)
test (pypy3.11-v7.3.22, windows-latest)	UNKNOWN STEP	2026-09-03T20:22:03.6859062Z   evaluation failed :( (114.37 seconds)
test (pypy3.11-v7.3.22, windows-latest)	UNKNOWN STEP	2026-09-03T20:22:03.7917180Z ##[error]Process completed with exit code 1.
test (pypy3.11-v7.3.22, windows-latest)	UNKNOWN STEP	2026-09-03T20:22:03.8187417Z Post job cleanup.
test (pypy3.11-v7.3.22, windows-latest)	UNKNOWN STEP	2026-09-03T20:22:04.0158468Z [command]"C:\Program Files\Git\bin\git.exe" version
test (pypy3.11-v7.3.22, windows-latest)	UNKNOWN STEP	2026-09-03T20:22:04.0468518Z git version 2.55.0.windows.5
test (pypy3.11-v7.3.22, windows-latest)	UNKNOWN STEP	2026-09-03T20:22:04.0546608Z Temporarily overriding HOME='D:\a\_temp\b53068a1-152d-4864-bc2e-bf1562eefc61' before making global git config changes
test (3.11, macOS-latest)	UNKNOWN STEP	2026-09-03T20:20:54.4091560Z tests/test_no_ipynb.py::test_ipynb_diff_with_no_change_single 
test (3.11, macOS-latest)	UNKNOWN STEP	2026-09-03T20:20:54.4192660Z [gw2]^[[36m [ 99%] ^[[0m^[[32mPASSED^[[0m tests/test_no_ipynb.py::test_ipynb_diff_with_no_change_single 
test (3.11, macOS-latest)	UNKNOWN STEP	2026-09-03T20:20:54.4294820Z tests/test_no_ipynb.py::test_ipynb_diff_with_no_change_dir 
test (3.11, macOS-latest)	UNKNOWN STEP	2026-09-03T20:20:54.4398890Z [gw2]^[[36m [ 99%] ^[[0m^[[32mPASSED^[[0m tests/test_no_ipynb.py::test_ipynb_diff_with_no_change_dir 
test (3.11, macOS-latest)	UNKNOWN STEP	2026-09-03T20:20:54.4500500Z tests/test_ranges.py::test_parse_line_ranges_valid[lines_str0-expected0] 
test (3.11, macOS-latest)	UNKNOWN STEP	2026-09-03T20:20:56.5572690Z [gw2]^[[36m [100%] ^[[0m^[[32mPASSED^[[0m tests/test_ranges.py::test_parse_line_ranges_valid[lines_str0-expected0] 
test (3.11, macOS-latest)	UNKNOWN STEP	2026-09-03T20:20:56.5573870Z 
test (3.11, macOS-latest)	UNKNOWN STEP	2026-09-03T20:20:56.5574470Z =================================== FAILURES ===================================
test (3.11, macOS-latest)	UNKNOWN STEP	2026-09-03T20:20:56.5575810Z ^[[31m^[[1m____________________ BlackTestCase.test_is_filesystem_root _____________________^[[0m
test (3.11, macOS-latest)	UNKNOWN STEP	2026-09-03T20:20:56.5577020Z [gw1] darwin -- Python 3.11.9 /Users/runner/work/black/black/.tox/ci-py311/bin/python
test (3.11, macOS-latest)	UNKNOWN STEP	2026-09-03T20:20:56.5577610Z 
test (3.11, macOS-latest)	UNKNOWN STEP	2026-09-03T20:20:56.5577940Z self = <unittest.case._Outcome object at 0x103ca2e90>
test (3.11, macOS-latest)	UNKNOWN STEP	2026-09-03T20:20:56.5578450Z test_case = <tests.test_black.BlackTestCase testMethod=test_is_filesystem_root>
test (3.11, macOS-latest)	UNKNOWN STEP	2026-09-03T20:20:56.5579120Z subTest = False
test (3.11, macOS-latest)	UNKNOWN STEP	2026-09-03T20:20:56.5579400Z 
test (3.11, macOS-latest)	UNKNOWN STEP	2026-09-03T20:20:56.5579780Z     ^[[0m^[[37m@contextlib^[[39;49;00m.contextmanager^[[90m^[[39;49;00m
test (3.11, macOS-latest)	UNKNOWN STEP	2026-09-03T20:20:56.5580540Z     ^[[94mdef^[[39;49;00m^[[90m ^[[39;49;00m^[[92mtestPartExecutor^[[39;49;00m(^[[96mself^[[39;49;00m, test_case, subTest=^[[94mFalse^[[39;49;00m):^[[90m^[[39;49;00m
test (3.11, macOS-latest)	UNKNOWN STEP	2026-09-03T20:20:56.5581290Z         old_success = ^[[96mself^[[39;49;00m.success^[[90m^[[39;49;00m
test (3.11, macOS-latest)	UNKNOWN STEP	2026-09-03T20:20:56.5581900Z         ^[[96mself^[[39;49;00m.success = ^[[94mTrue^[[39;49;00m^[[90m^[[39;49;00m
test (3.11, macOS-latest)	UNKNOWN STEP	2026-09-03T20:20:56.5584210Z         ^[[94mtry^[[39;49;00m:^[[90m^[[39;49;00m
test (3.11, macOS-latest)	UNKNOWN STEP	2026-09-03T20:20:56.5652660Z >           ^[[94myield^[[39;49;00m^[[90m^[[39;49;00m
test (3.11, macOS-latest)	UNKNOWN STEP	2026-09-03T20:20:56.5697370Z 
test (3.11, macOS-latest)	UNKNOWN STEP	2026-09-03T20:20:56.5700310Z ^[[1m^[[31m/Library/Frameworks/Python.framework/Versions/3.11/lib/python3.11/unittest/case.py^[[0m:57: 
test (3.11, macOS-latest)	UNKNOWN STEP	2026-09-03T20:20:56.5702320Z _ _ _ _ _ _ _ _ _ _ _ _ _ _ _ _ _ _ _ _ _ _ _ _ _ _ _ _ _ _ _ _ _ _ _ _ _ _ _ _ 
test (3.11, macOS-latest)	UNKNOWN STEP	2026-09-03T20:20:56.5704280Z ^[[1m^[[31m/Library/Frameworks/Python.framework/Versions/3.11/lib/python3.11/unittest/case.py^[[0m:623: in run
test (3.11, macOS-latest)	UNKNOWN STEP	2026-09-03T20:20:56.5705020Z     ^[[0m^[[96mself^[[39;49;00m._callTestMethod(testMethod)^[[90m^[[39;49;00m
test (3.11, macOS-latest)	UNKNOWN STEP	2026-09-03T20:20:56.5708930Z _ _ _ _ _ _ _ _ _ _ _ _ _ _ _ _ _ _ _ _ _ _ _ _ _ _ _ _ _ _ _ _ _ _ _ _ _ _ _ _ 
test (3.11, macOS-latest)	UNKNOWN STEP	2026-09-03T20:20:56.5709260Z 
test (3.11, macOS-latest)	UNKNOWN STEP	2026-09-03T20:20:56.5709560Z self = <tests.test_black.BlackTestCase testMethod=test_is_filesystem_root>
test (3.11, macOS-latest)	UNKNOWN STEP	2026-09-03T20:20:56.5724490Z            ^^^^^^^^^[[90m^[[39;49;00m
test (3.11, macOS-latest)	UNKNOWN STEP	2026-09-03T20:20:56.5725080Z ^[[1m^[[31mE       TypeError: BlackTestCase.test_is_filesystem_root() missing 1 required positional argument: 'tmp_path'^[[0m
test (3.11, macOS-latest)	UNKNOWN STEP	2026-09-03T20:20:56.5725480Z 
test (3.11, macOS-latest)	UNKNOWN STEP	2026-09-03T20:20:56.5725800Z ^[[1m^[[31m/Library/Frameworks/Python.framework/Versions/3.11/lib/python3.11/unittest/case.py^[[0m:579: TypeError
test (3.11, macOS-latest)	UNKNOWN STEP	2026-09-03T20:20:56.5726320Z ================================ tests coverage ================================
test (3.11, macOS-latest)	UNKNOWN STEP	2026-09-03T20:20:56.5726890Z _______________ coverage: platform darwin, python 3.11.9-final-0 _______________
test (3.11, macOS-latest)	UNKNOWN STEP	2026-09-03T20:20:56.5727180Z 
test (3.11, macOS-latest)	UNKNOWN STEP	2026-09-03T20:20:56.5727300Z Name                                         Stmts   Miss Branch BrPart  Cover
test (3.11, macOS-latest)	UNKNOWN STEP	2026-09-03T20:20:56.5753290Z ^[[36m^[[1m=========================== short test summary info ============================^[[0m
test (3.11, macOS-latest)	UNKNOWN STEP	2026-09-03T20:20:56.5755740Z ^[[31mFAILED^[[0m tests/test_black.py::^[[1mBlackTestCase::test_is_filesystem_root^[[0m - TypeError: BlackTestCase.test_is_filesystem_root() missing 1 required posit...
test (3.11, macOS-latest)	UNKNOWN STEP	2026-09-03T20:20:56.5756700Z ^[[31m==== ^[[31m^[[1m1 failed^[[0m, ^[[32m482 passed^[[0m, ^[[33m2 skipped^[[0m, ^[[32m8 subtests passed^[[0m^[[31m in 71.49s (0:01:11)^[[0m^[[31m ====^[[0m
test (3.11, macOS-latest)	UNKNOWN STEP	2026-09-03T20:20:56.6238770Z ci-py311: exit 1 (72.25 seconds) /Users/runner/work/black/black> pytest tests --run-optional no_jupyter --numprocesses auto --cov -v --color=yes pid=1399
test (3.11, macOS-latest)	UNKNOWN STEP	2026-09-03T20:20:56.6260170Z   ci-py311: FAIL code 1 (85.02=setup[5.60]+cmd[7.00,0.17,72.25] seconds)
test (3.11, macOS-latest)	UNKNOWN STEP	2026-09-03T20:20:56.6260670Z   evaluation failed :( (85.06 seconds)
test (3.11, macOS-latest)	UNKNOWN STEP	2026-09-03T20:20:56.6899640Z ##[error]Process completed with exit code 1.
test (3.11, macOS-latest)	UNKNOWN STEP	2026-09-03T20:20:56.7103720Z Post job cleanup.
test (3.11, macOS-latest)	UNKNOWN STEP	2026-09-03T20:20:57.0510200Z [command]/opt/homebrew/bin/git version
test (3.11, macOS-latest)	UNKNOWN STEP	2026-09-03T20:20:57.0691940Z git version 2.55.0
test (3.11, macOS-latest)	UNKNOWN STEP	2026-09-03T20:20:57.0712930Z Copying '/Users/runner/.gitconfig' to '/Users/runner/work/_temp/b811e968-e19f-4e41-a301-5ea1b1bf97a0/.gitconfig'
test (3.11, ubuntu-latest)	UNKNOWN STEP	2026-09-03T20:21:15.3782522Z tests/test_ranges.py::test_parse_line_ranges_invalid[lines_str0] 
test (3.11, ubuntu-latest)	UNKNOWN STEP	2026-09-03T20:21:15.3798150Z [gw3]^[[36m [ 98%] ^[[0m^[[32mPASSED^[[0m tests/test_ranges.py::test_parse_line_ranges_invalid[lines_str0] 
test (3.11, ubuntu-latest)	UNKNOWN STEP	2026-09-03T20:21:15.3820068Z tests/test_ranges.py::test_parse_line_ranges_invalid[lines_str1] 
test (3.11, ubuntu-latest)	UNKNOWN STEP	2026-09-03T20:21:15.3837179Z [gw3]^[[36m [ 98%] ^[[0m^[[32mPASSED^[[0m tests/test_ranges.py::test_parse_line_ranges_invalid[lines_str1] 
test (3.11, ubuntu-latest)	UNKNOWN STEP	2026-09-03T20:21:15.3859346Z tests/test_ranges.py::test_parse_line_ranges_invalid[lines_str2] 
test (3.11, ubuntu-latest)	UNKNOWN STEP	2026-09-03T20:21:15.4154126Z [gw3]^[[36m [ 98%] ^[[0m^[[32mPASSED^[[0m tests/test_ranges.py::test_parse_line_ranges_invalid[lines_str2] 
test (3.11, ubuntu-latest)	UNKNOWN STEP	2026-09-03T20:21:15.4161871Z [gw0]^[[36m [ 99%] ^[[0m^[[32mPASSED^[[0m tests/test_format.py::test_simple_format[target_version_flag] 
test (3.11, ubuntu-latest)	UNKNOWN STEP	2026-09-03T20:21:15.4338615Z tests/test_format.py::test_simple_format[fmtskip_type_ignore] 
test (3.11, ubuntu-latest)	UNKNOWN STEP	2026-09-03T20:21:17.9518454Z [gw0]^[[36m [ 99%] ^[[0m^[[32mPASSED^[[0m tests/test_format.py::test_simple_format[fmtskip_type_ignore] 
test (3.11, ubuntu-latest)	UNKNOWN STEP	2026-09-03T20:21:17.9529499Z [gw1]^[[36m [ 99%] ^[[0m^[[32mPASSED^[[0m tests/test_format.py::test_line_ranges_line_by_line[basic] 
test (3.11, ubuntu-latest)	UNKNOWN STEP	2026-09-03T20:21:17.9554219Z tests/test_format.py::test_empty 
test (3.11, ubuntu-latest)	UNKNOWN STEP	2026-09-03T20:21:17.9564330Z [gw1]^[[36m [ 99%] ^[[0m^[[32mPASSED^[[0m tests/test_format.py::test_empty 
test (3.11, ubuntu-latest)	UNKNOWN STEP	2026-09-03T20:21:17.9616823Z tests/test_format.py::test_patma_invalid 
test (3.11, ubuntu-latest)	UNKNOWN STEP	2026-09-03T20:21:20.1856923Z [gw1]^[[36m [100%] ^[[0m^[[32mPASSED^[[0m tests/test_format.py::test_patma_invalid 
test (3.11, ubuntu-latest)	UNKNOWN STEP	2026-09-03T20:21:20.1857461Z 
test (3.11, ubuntu-latest)	UNKNOWN STEP	2026-09-03T20:21:20.1857699Z =================================== FAILURES ===================================
test (3.11, ubuntu-latest)	UNKNOWN STEP	2026-09-03T20:21:20.1858424Z ^[[31m^[[1m____________________ BlackTestCase.test_is_filesystem_root _____________________^[[0m
test (3.11, ubuntu-latest)	UNKNOWN STEP	2026-09-03T20:21:20.1859051Z [gw1] linux -- Python 3.11.16 /home/runner/work/black/black/.tox/ci-py311/bin/python
test (3.11, ubuntu-latest)	UNKNOWN STEP	2026-09-03T20:21:20.1859378Z 
test (3.11, ubuntu-latest)	UNKNOWN STEP	2026-09-03T20:21:20.1859537Z self = <unittest.case._Outcome object at 0x7f3115323950>
test (3.11, ubuntu-latest)	UNKNOWN STEP	2026-09-03T20:21:20.1859989Z test_case = <tests.test_black.BlackTestCase testMethod=test_is_filesystem_root>
test (3.11, ubuntu-latest)	UNKNOWN STEP	2026-09-03T20:21:20.1860383Z subTest = False
test (3.11, ubuntu-latest)	UNKNOWN STEP	2026-09-03T20:21:20.1860509Z 
test (3.11, ubuntu-latest)	UNKNOWN STEP	2026-09-03T20:21:20.1860731Z     ^[[0m^[[37m@contextlib^[[39;49;00m.contextmanager^[[90m^[[39;49;00m
test (3.11, ubuntu-latest)	UNKNOWN STEP	2026-09-03T20:21:20.1861469Z     ^[[94mdef^[[39;49;00m^[[90m ^[[39;49;00m^[[92mtestPartExecutor^[[39;49;00m(^[[96mself^[[39;49;00m, test_case, subTest=^[[94mFalse^[[39;49;00m):^[[90m^[[39;49;00m
test (3.11, ubuntu-latest)	UNKNOWN STEP	2026-09-03T20:21:20.1862137Z         old_success = ^[[96mself^[[39;49;00m.success^[[90m^[[39;49;00m
test (3.11, ubuntu-latest)	UNKNOWN STEP	2026-09-03T20:21:20.1864132Z 
test (3.11, ubuntu-latest)	UNKNOWN STEP	2026-09-03T20:21:20.1864558Z ^[[1m^[[31m/opt/hostedtoolcache/Python/3.11.16/x64/lib/python3.11/unittest/case.py^[[0m:57: 
test (3.11, ubuntu-latest)	UNKNOWN STEP	2026-09-03T20:21:20.1865266Z _ _ _ _ _ _ _ _ _ _ _ _ _ _ _ _ _ _ _ _ _ _ _ _ _ _ _ _ _ _ _ _ _ _ _ _ _ _ _ _ 
test (3.11, ubuntu-latest)	UNKNOWN STEP	2026-09-03T20:21:20.1865861Z ^[[1m^[[31m/opt/hostedtoolcache/Python/3.11.16/x64/lib/python3.11/unittest/case.py^[[0m:623: in run
test (3.11, ubuntu-latest)	UNKNOWN STEP	2026-09-03T20:21:20.1866452Z     ^[[0m^[[96mself^[[39;49;00m._callTestMethod(testMethod)^[[90m^[[39;49;00m
test (3.11, ubuntu-latest)	UNKNOWN STEP	2026-09-03T20:21:20.1866840Z _ _ _ _ _ _ _ _ _ _ _ _ _ _ _ _ _ _ _ _ _ _ _ _ _ _ _ _ _ _ _ _ _ _ _ _ _ _ _ _ 
test (3.11, ubuntu-latest)	UNKNOWN STEP	2026-09-03T20:21:20.1867066Z 
test (3.11, ubuntu-latest)	UNKNOWN STEP	2026-09-03T20:21:20.1867273Z self = <tests.test_black.BlackTestCase testMethod=test_is_filesystem_root>
test (3.11, ubuntu-latest)	UNKNOWN STEP	2026-09-03T20:21:20.1870031Z            ^^^^^^^^^[[90m^[[39;49;00m
test (3.11, ubuntu-latest)	UNKNOWN STEP	2026-09-03T20:21:20.1870624Z ^[[1m^[[31mE       TypeError: BlackTestCase.test_is_filesystem_root() missing 1 required positional argument: 'tmp_path'^[[0m
test (3.11, ubuntu-latest)	UNKNOWN STEP	2026-09-03T20:21:20.1871047Z 
test (3.11, ubuntu-latest)	UNKNOWN STEP	2026-09-03T20:21:20.1871405Z ^[[1m^[[31m/opt/hostedtoolcache/Python/3.11.16/x64/lib/python3.11/unittest/case.py^[[0m:579: TypeError
test (3.11, ubuntu-latest)	UNKNOWN STEP	2026-09-03T20:21:20.1871918Z ================================ tests coverage ================================
test (3.11, ubuntu-latest)	UNKNOWN STEP	2026-09-03T20:21:20.1872336Z _______________ coverage: platform linux, python 3.11.16-final-0 _______________
test (3.11, ubuntu-latest)	UNKNOWN STEP	2026-09-03T20:21:20.1872644Z 
test (3.11, ubuntu-latest)	UNKNOWN STEP	2026-09-03T20:21:20.1872805Z Name                                         Stmts   Miss Branch BrPart  Cover
test (3.11, ubuntu-latest)	UNKNOWN STEP	2026-09-03T20:21:20.1892344Z ^[[36m^[[1m=========================== short test summary info ============================^[[0m
test (3.11, ubuntu-latest)	UNKNOWN STEP	2026-09-03T20:21:20.1894020Z ^[[31mFAILED^[[0m tests/test_black.py::^[[1mBlackTestCase::test_is_filesystem_root^[[0m - TypeError: BlackTestCase.test_is_filesystem_root() missing 1 required posit...
test (3.11, ubuntu-latest)	UNKNOWN STEP	2026-09-03T20:21:20.1895245Z ^[[31m==== ^[[31m^[[1m1 failed^[[0m, ^[[32m482 passed^[[0m, ^[[33m2 skipped^[[0m, ^[[32m8 subtests passed^[[0m^[[31m in 94.40s (0:01:34)^[[0m^[[31m ====^[[0m
test (3.11, ubuntu-latest)	UNKNOWN STEP	2026-09-03T20:21:20.2218141Z ci-py311: exit 1 (94.96 seconds) /home/runner/work/black/black> pytest tests --run-optional no_jupyter --numprocesses auto --cov -v --color=yes pid=2879
test (3.11, ubuntu-latest)	UNKNOWN STEP	2026-09-03T20:21:20.2222361Z   ci-py311: FAIL code 1 (104.34=setup[3.98]+cmd[5.22,0.18,94.96] seconds)
test (3.11, ubuntu-latest)	UNKNOWN STEP	2026-09-03T20:21:20.2223043Z   evaluation failed :( (104.37 seconds)
test (3.11, ubuntu-latest)	UNKNOWN STEP	2026-09-03T20:21:20.2608366Z ##[error]Process completed with exit code 1.
test (3.11, ubuntu-latest)	UNKNOWN STEP	2026-09-03T20:21:20.2748091Z Post job cleanup.
test (3.11, ubuntu-latest)	UNKNOWN STEP	2026-09-03T20:21:20.3628617Z [command]/usr/bin/git version
test (3.11, ubuntu-latest)	UNKNOWN STEP	2026-09-03T20:21:20.3667089Z git version 2.55.0
test (3.11, ubuntu-latest)	UNKNOWN STEP	2026-09-03T20:21:20.3701254Z Temporarily overriding HOME='/home/runner/work/_temp/09deb19c-4060-48d1-8b01-3343284067a6' before making global git config changes
test (3.10, windows-latest)	UNKNOWN STEP	2026-09-03T20:22:16.6829568Z ================================== FAILURES ===================================
test (3.10, windows-latest)	UNKNOWN STEP	2026-09-03T20:22:16.6830516Z ^[[31m^[[1m____________________ BlackTestCase.test_is_filesystem_root ____________________^[[0m
test (3.10, windows-latest)	UNKNOWN STEP	2026-09-03T20:22:16.6832319Z [gw1] win32 -- Python 3.10.11 D:\a\black\black\.tox\ci-py310\Scripts\python.EXE
test (3.10, windows-latest)	UNKNOWN STEP	2026-09-03T20:22:16.6833002Z 
test (3.10, windows-latest)	UNKNOWN STEP	2026-09-03T20:22:16.6833336Z self = <unittest.case._Outcome object at 0x0000022624A94C10>
test (3.10, windows-latest)	UNKNOWN STEP	2026-09-03T20:22:16.6834719Z test_case = <tests.test_black.BlackTestCase testMethod=test_is_filesystem_root>
test (3.10, windows-latest)	UNKNOWN STEP	2026-09-03T20:22:16.6835569Z isTest = True
test (3.10, windows-latest)	UNKNOWN STEP	2026-09-03T20:22:16.6835806Z 
test (3.10, windows-latest)	UNKNOWN STEP	2026-09-03T20:22:16.6836351Z     ^[[0m^[[37m@contextlib^[[39;49;00m.contextmanager^[[90m^[[39;49;00m
test (3.10, windows-latest)	UNKNOWN STEP	2026-09-03T20:22:16.6838056Z     ^[[94mdef^[[39;49;00m^[[90m ^[[39;49;00m^[[92mtestPartExecutor^[[39;49;00m(^[[96mself^[[39;49;00m, test_case, isTest=^[[94mFalse^[[39;49;00m):^[[90m^[[39;49;00m
test (3.10, windows-latest)	UNKNOWN STEP	2026-09-03T20:22:16.6839428Z         old_success = ^[[96mself^[[39;49;00m.success^[[90m^[[39;49;00m
test (3.10, windows-latest)	UNKNOWN STEP	2026-09-03T20:22:16.6840331Z         ^[[96mself^[[39;49;00m.success = ^[[94mTrue^[[39;49;00m^[[90m^[[39;49;00m
test (3.10, windows-latest)	UNKNOWN STEP	2026-09-03T20:22:16.6840987Z         ^[[94mtry^[[39;49;00m:^[[90m^[[39;49;00m
test (3.10, windows-latest)	UNKNOWN STEP	2026-09-03T20:22:16.6841525Z >           ^[[94myield^[[39;49;00m^[[90m^[[39;49;00m
test (3.10, windows-latest)	UNKNOWN STEP	2026-09-03T20:22:16.6841816Z 
test (3.10, windows-latest)	UNKNOWN STEP	2026-09-03T20:22:16.6842305Z ^[[1m^[[31mC:\hostedtoolcache\windows\Python\3.10.11\x64\lib\unittest\case.py^[[0m:59: 
test (3.10, windows-latest)	UNKNOWN STEP	2026-09-03T20:22:16.6843070Z _ _ _ _ _ _ _ _ _ _ _ _ _ _ _ _ _ _ _ _ _ _ _ _ _ _ _ _ _ _ _ _ _ _ _ _ _ _ _ _
test (3.10, windows-latest)	UNKNOWN STEP	2026-09-03T20:22:16.6844304Z ^[[1m^[[31mC:\hostedtoolcache\windows\Python\3.10.11\x64\lib\unittest\case.py^[[0m:591: in run
test (3.10, windows-latest)	UNKNOWN STEP	2026-09-03T20:22:16.6845244Z     ^[[0m^[[96mself^[[39;49;00m._callTestMethod(testMethod)^[[90m^[[39;49;00m
test (3.10, windows-latest)	UNKNOWN STEP	2026-09-03T20:22:16.6845880Z _ _ _ _ _ _ _ _ _ _ _ _ _ _ _ _ _ _ _ _ _ _ _ _ _ _ _ _ _ _ _ _ _ _ _ _ _ _ _ _
test (3.10, windows-latest)	UNKNOWN STEP	2026-09-03T20:22:16.6846278Z 
test (3.10, windows-latest)	UNKNOWN STEP	2026-09-03T20:22:16.6846594Z self = <tests.test_black.BlackTestCase testMethod=test_is_filesystem_root>
test (3.10, windows-latest)	UNKNOWN STEP	2026-09-03T20:22:16.6849941Z >       method()^[[90m^[[39;49;00m
test (3.10, windows-latest)	UNKNOWN STEP	2026-09-03T20:22:16.6850941Z ^[[1m^[[31mE       TypeError: BlackTestCase.test_is_filesystem_root() missing 1 required positional argument: 'tmp_path'^[[0m
test (3.10, windows-latest)	UNKNOWN STEP	2026-09-03T20:22:16.6851728Z 
test (3.10, windows-latest)	UNKNOWN STEP	2026-09-03T20:22:16.6852302Z ^[[1m^[[31mC:\hostedtoolcache\windows\Python\3.10.11\x64\lib\unittest\case.py^[[0m:549: TypeError
test (3.10, windows-latest)	UNKNOWN STEP	2026-09-03T20:22:16.6853149Z =============================== tests coverage ================================
test (3.10, windows-latest)	UNKNOWN STEP	2026-09-03T20:22:16.6853878Z ______________ coverage: platform win32, python 3.10.11-final-0 _______________
test (3.10, windows-latest)	UNKNOWN STEP	2026-09-03T20:22:16.6854391Z 
test (3.10, windows-latest)	UNKNOWN STEP	2026-09-03T20:22:16.6854635Z Name                                         Stmts   Miss Branch BrPart  Cover
test (3.10, windows-latest)	UNKNOWN STEP	2026-09-03T20:22:16.6887483Z ^[[36m^[[1m=========================== short test summary info ===========================^[[0m
test (3.10, windows-latest)	UNKNOWN STEP	2026-09-03T20:22:16.6889361Z ^[[31mFAILED^[[0m tests/test_black.py::^[[1mBlackTestCase::test_is_filesystem_root^[[0m - TypeError: BlackTestCase.test_is_filesystem_root() missing 1 required posit...
test (3.10, windows-latest)	UNKNOWN STEP	2026-09-03T20:22:16.6891068Z ^[[31m=== ^[[31m^[[1m1 failed^[[0m, ^[[32m482 passed^[[0m, ^[[33m2 skipped^[[0m, ^[[32m8 subtests passed^[[0m^[[31m in 122.37s (0:02:02)^[[0m^[[31m ===^[[0m
test (3.10, windows-latest)	UNKNOWN STEP	2026-09-03T20:22:16.7394545Z ci-py310: exit 1 (123.16 seconds) D:\a\black\black> pytest tests --run-optional no_jupyter --numprocesses auto --cov -v --color=yes pid=8244
test (3.10, windows-latest)	UNKNOWN STEP	2026-09-03T20:22:16.7404575Z   ci-py310: FAIL code 1 (146.08=setup[10.09]+cmd[12.36,0.47,123.16] seconds)
test (3.10, windows-latest)	UNKNOWN STEP	2026-09-03T20:22:16.7405065Z   evaluation failed :( (146.11 seconds)
test (3.10, windows-latest)	UNKNOWN STEP	2026-09-03T20:22:16.8398419Z ##[error]Process completed with exit code 1.
test (3.10, windows-latest)	UNKNOWN STEP	2026-09-03T20:22:16.8736406Z Post job cleanup.
test (3.10, windows-latest)	UNKNOWN STEP	2026-09-03T20:22:17.0767310Z [command]"C:\Program Files\Git\bin\git.exe" version
test (3.10, windows-latest)	UNKNOWN STEP	2026-09-03T20:22:17.1196698Z git version 2.55.0.windows.5
test (3.10, windows-latest)	UNKNOWN STEP	2026-09-03T20:22:17.1274094Z Temporarily overriding HOME='D:\a\_temp\35575c03-40f2-4a19-aaa7-886a573af600' before making global git config changes
test (3.12.10, macOS-latest)	UNKNOWN STEP	2026-09-03T20:20:29.3993180Z tests/test_ranges.py::test_parse_line_ranges_valid[lines_str0-expected0] 
test (3.12.10, macOS-latest)	UNKNOWN STEP	2026-09-03T20:20:29.4071810Z [gw1]^[[36m [ 98%] ^[[0m^[[32mPASSED^[[0m tests/test_ranges.py::test_parse_line_ranges_valid[lines_str0-expected0] 
test (3.12.10, macOS-latest)	UNKNOWN STEP	2026-09-03T20:20:29.4100660Z tests/test_ranges.py::test_parse_line_ranges_valid[lines_str1-expected1] 
test (3.12.10, macOS-latest)	UNKNOWN STEP	2026-09-03T20:20:29.4106900Z [gw1]^[[36m [ 98%] ^[[0m^[[32mPASSED^[[0m tests/test_ranges.py::test_parse_line_ranges_valid[lines_str1-expected1] 
test (3.12.10, macOS-latest)	UNKNOWN STEP	2026-09-03T20:20:29.4147260Z tests/test_ranges.py::test_parse_line_ranges_valid[lines_str2-expected2] 
test (3.12.10, macOS-latest)	UNKNOWN STEP	2026-09-03T20:20:29.4191090Z [gw1]^[[36m [ 99%] ^[[0m^[[32mPASSED^[[0m tests/test_ranges.py::test_parse_line_ranges_valid[lines_str2-expected2] 
test (3.12.10, macOS-latest)	UNKNOWN STEP	2026-09-03T20:20:29.4254330Z tests/test_ranges.py::test_parse_line_ranges_invalid[lines_str0] 
test (3.12.10, macOS-latest)	UNKNOWN STEP	2026-09-03T20:20:31.8685460Z [gw1]^[[36m [ 99%] ^[[0m^[[32mPASSED^[[0m tests/test_ranges.py::test_parse_line_ranges_invalid[lines_str0] 
test (3.12.10, macOS-latest)	UNKNOWN STEP	2026-09-03T20:20:31.8688770Z [gw0]^[[36m [ 99%] ^[[0m^[[32mPASSED^[[0m tests/test_format.py::test_line_ranges_line_by_line[basic] 
test (3.12.10, macOS-latest)	UNKNOWN STEP	2026-09-03T20:20:31.8711180Z tests/test_format.py::test_empty 
test (3.12.10, macOS-latest)	UNKNOWN STEP	2026-09-03T20:20:31.8714920Z [gw0]^[[36m [ 99%] ^[[0m^[[32mPASSED^[[0m tests/test_format.py::test_empty 
test (3.12.10, macOS-latest)	UNKNOWN STEP	2026-09-03T20:20:31.8835040Z tests/test_format.py::test_patma_invalid 
test (3.12.10, macOS-latest)	UNKNOWN STEP	2026-09-03T20:20:33.1902780Z [gw0]^[[36m [100%] ^[[0m^[[32mPASSED^[[0m tests/test_format.py::test_patma_invalid 
test (3.12.10, macOS-latest)	UNKNOWN STEP	2026-09-03T20:20:33.1903340Z 
test (3.12.10, macOS-latest)	UNKNOWN STEP	2026-09-03T20:20:33.1904450Z =================================== FAILURES ===================================
test (3.12.10, macOS-latest)	UNKNOWN STEP	2026-09-03T20:20:33.1906030Z ^[[31m^[[1m____________________ BlackTestCase.test_is_filesystem_root _____________________^[[0m
test (3.12.10, macOS-latest)	UNKNOWN STEP	2026-09-03T20:20:33.1907370Z [gw1] darwin -- Python 3.12.10 /Users/runner/work/black/black/.tox/ci-py31210/bin/python
test (3.12.10, macOS-latest)	UNKNOWN STEP	2026-09-03T20:20:33.1908340Z 
test (3.12.10, macOS-latest)	UNKNOWN STEP	2026-09-03T20:20:33.1908500Z self = <unittest.case._Outcome object at 0x107bbb1a0>
test (3.12.10, macOS-latest)	UNKNOWN STEP	2026-09-03T20:20:33.1909010Z test_case = <tests.test_black.BlackTestCase testMethod=test_is_filesystem_root>
test (3.12.10, macOS-latest)	UNKNOWN STEP	2026-09-03T20:20:33.1909400Z subTest = False
test (3.12.10, macOS-latest)	UNKNOWN STEP	2026-09-03T20:20:33.1909580Z 
test (3.12.10, macOS-latest)	UNKNOWN STEP	2026-09-03T20:20:33.1909800Z     ^[[0m^[[37m@contextlib^[[39;49;00m.contextmanager^[[90m^[[39;49;00m
test (3.12.10, macOS-latest)	UNKNOWN STEP	2026-09-03T20:20:33.1910530Z     ^[[94mdef^[[39;49;00m^[[90m ^[[39;49;00m^[[92mtestPartExecutor^[[39;49;00m(^[[96mself^[[39;49;00m, test_case, subTest=^[[94mFalse^[[39;49;00m):^[[90m^[[39;49;00m
test (3.12.10, macOS-latest)	UNKNOWN STEP	2026-09-03T20:20:33.1911170Z         old_success = ^[[96mself^[[39;49;00m.success^[[90m^[[39;49;00m
test (3.12.10, macOS-latest)	UNKNOWN STEP	2026-09-03T20:20:33.1911670Z         ^[[96mself^[[39;49;00m.success = ^[[94mTrue^[[39;49;00m^[[90m^[[39;49;00m
test (3.12.10, macOS-latest)	UNKNOWN STEP	2026-09-03T20:20:33.1926750Z 
test (3.12.10, macOS-latest)	UNKNOWN STEP	2026-09-03T20:20:33.1927180Z ^[[1m^[[31m/Library/Frameworks/Python.framework/Versions/3.12/lib/python3.12/unittest/case.py^[[0m:58: 
test (3.12.10, macOS-latest)	UNKNOWN STEP	2026-09-03T20:20:33.1927650Z _ _ _ _ _ _ _ _ _ _ _ _ _ _ _ _ _ _ _ _ _ _ _ _ _ _ _ _ _ _ _ _ _ _ _ _ _ _ _ _ 
test (3.12.10, macOS-latest)	UNKNOWN STEP	2026-09-03T20:20:33.1928210Z ^[[1m^[[31m/Library/Frameworks/Python.framework/Versions/3.12/lib/python3.12/unittest/case.py^[[0m:634: in run
test (3.12.10, macOS-latest)	UNKNOWN STEP	2026-09-03T20:20:33.1928800Z     ^[[0m^[[96mself^[[39;49;00m._callTestMethod(testMethod)^[[90m^[[39;49;00m
test (3.12.10, macOS-latest)	UNKNOWN STEP	2026-09-03T20:20:33.1929180Z _ _ _ _ _ _ _ _ _ _ _ _ _ _ _ _ _ _ _ _ _ _ _ _ _ _ _ _ _ _ _ _ _ _ _ _ _ _ _ _ 
test (3.12.10, macOS-latest)	UNKNOWN STEP	2026-09-03T20:20:33.1929380Z 
test (3.12.10, macOS-latest)	UNKNOWN STEP	2026-09-03T20:20:33.1929580Z self = <tests.test_black.BlackTestCase testMethod=test_is_filesystem_root>
test (3.12.10, macOS-latest)	UNKNOWN STEP	2026-09-03T20:20:33.1933110Z            ^^^^^^^^^[[90m^[[39;49;00m
test (3.12.10, macOS-latest)	UNKNOWN STEP	2026-09-03T20:20:33.1933670Z ^[[1m^[[31mE       TypeError: BlackTestCase.test_is_filesystem_root() missing 1 required positional argument: 'tmp_path'^[[0m
test (3.12.10, macOS-latest)	UNKNOWN STEP	2026-09-03T20:20:33.1934050Z 
test (3.12.10, macOS-latest)	UNKNOWN STEP	2026-09-03T20:20:33.1934370Z ^[[1m^[[31m/Library/Frameworks/Python.framework/Versions/3.12/lib/python3.12/unittest/case.py^[[0m:589: TypeError
test (3.12.10, macOS-latest)	UNKNOWN STEP	2026-09-03T20:20:33.1934910Z ================================ tests coverage ================================
test (3.12.10, macOS-latest)	UNKNOWN STEP	2026-09-03T20:20:33.1935310Z ______________ coverage: platform darwin, python 3.12.10-final-0 _______________
test (3.12.10, macOS-latest)	UNKNOWN STEP	2026-09-03T20:20:33.1935570Z 
test (3.12.10, macOS-latest)	UNKNOWN STEP	2026-09-03T20:20:33.1935700Z Name                                         Stmts   Miss Branch BrPart  Cover
test (3.12.10, macOS-latest)	UNKNOWN STEP	2026-09-03T20:20:33.1958080Z ^[[36m^[[1m=========================== short test summary info ============================^[[0m
test (3.12.10, macOS-latest)	UNKNOWN STEP	2026-09-03T20:20:33.1959770Z ^[[31mFAILED^[[0m tests/test_black.py::^[[1mBlackTestCase::test_is_filesystem_root^[[0m - TypeError: BlackTestCase.test_is_filesystem_root() missing 1 required posit...
test (3.12.10, macOS-latest)	UNKNOWN STEP	2026-09-03T20:20:33.1960710Z ^[[31m========= ^[[31m^[[1m1 failed^[[0m, ^[[32m483 passed^[[0m, ^[[33m1 skipped^[[0m, ^[[32m8 subtests passed^[[0m^[[31m in 52.30s^[[0m^[[31m =========^[[0m
test (3.12.10, macOS-latest)	UNKNOWN STEP	2026-09-03T20:20:33.2436200Z ci-py31210: exit 1 (52.70 seconds) /Users/runner/work/black/black> pytest tests --run-optional no_jupyter --numprocesses auto --cov -v --color=yes pid=1446
test (3.12.10, macOS-latest)	UNKNOWN STEP	2026-09-03T20:20:33.2454330Z   ci-py31210: FAIL code 1 (60.54=setup[2.99]+cmd[4.75,0.10,52.70] seconds)
test (3.12.10, macOS-latest)	UNKNOWN STEP	2026-09-03T20:20:33.2454960Z   evaluation failed :( (60.55 seconds)
test (3.12.10, macOS-latest)	UNKNOWN STEP	2026-09-03T20:20:33.2874030Z ##[error]Process completed with exit code 1.
test (3.12.10, macOS-latest)	UNKNOWN STEP	2026-09-03T20:20:33.3054350Z Post job cleanup.
test (3.12.10, macOS-latest)	UNKNOWN STEP	2026-09-03T20:20:33.6692730Z [command]/opt/homebrew/bin/git version
test (3.12.10, macOS-latest)	UNKNOWN STEP	2026-09-03T20:20:33.6878400Z git version 2.55.0
test (3.12.10, macOS-latest)	UNKNOWN STEP	2026-09-03T20:20:33.6926790Z Copying '/Users/runner/.gitconfig' to '/Users/runner/work/_temp/0a7c13a5-9744-4d40-a100-b0e4e614b344/.gitconfig'
test (3.12.10, ubuntu-latest)	UNKNOWN STEP	2026-09-03T20:22:02.3121356Z =================================== FAILURES ===================================
test (3.12.10, ubuntu-latest)	UNKNOWN STEP	2026-09-03T20:22:02.3122267Z ^[[31m^[[1m____________________ BlackTestCase.test_is_filesystem_root _____________________^[[0m
test (3.12.10, ubuntu-latest)	UNKNOWN STEP	2026-09-03T20:22:02.3123284Z [gw1] linux -- Python 3.12.10 /home/runner/work/black/black/.tox/ci-py31210/bin/python
test (3.12.10, ubuntu-latest)	UNKNOWN STEP	2026-09-03T20:22:02.3123759Z 
test (3.12.10, ubuntu-latest)	UNKNOWN STEP	2026-09-03T20:22:02.3123970Z self = <unittest.case._Outcome object at 0x7f18b6910680>
test (3.12.10, ubuntu-latest)	UNKNOWN STEP	2026-09-03T20:22:02.3141413Z 
test (3.12.10, ubuntu-latest)	UNKNOWN STEP	2026-09-03T20:22:02.3142017Z ^[[1m^[[31m/opt/hostedtoolcache/Python/3.12.10/x64/lib/python3.12/unittest/case.py^[[0m:58: 
test (3.12.10, ubuntu-latest)	UNKNOWN STEP	2026-09-03T20:22:02.3143099Z _ _ _ _ _ _ _ _ _ _ _ _ _ _ _ _ _ _ _ _ _ _ _ _ _ _ _ _ _ _ _ _ _ _ _ _ _ _ _ _ 
test (3.12.10, ubuntu-latest)	UNKNOWN STEP	2026-09-03T20:22:02.3143759Z ^[[1m^[[31m/opt/hostedtoolcache/Python/3.12.10/x64/lib/python3.12/unittest/case.py^[[0m:634: in run
test (3.12.10, ubuntu-latest)	UNKNOWN STEP	2026-09-03T20:22:02.3144388Z     ^[[0m^[[96mself^[[39;49;00m._callTestMethod(testMethod)^[[90m^[[39;49;00m
test (3.12.10, ubuntu-latest)	UNKNOWN STEP	2026-09-03T20:22:02.3144809Z _ _ _ _ _ _ _ _ _ _ _ _ _ _ _ _ _ _ _ _ _ _ _ _ _ _ _ _ _ _ _ _ _ _ _ _ _ _ _ _ 
test (3.12.10, ubuntu-latest)	UNKNOWN STEP	2026-09-03T20:22:02.3145059Z 
test (3.12.10, ubuntu-latest)	UNKNOWN STEP	2026-09-03T20:22:02.3145273Z self = <tests.test_black.BlackTestCase testMethod=test_is_filesystem_root>
test (3.12.10, ubuntu-latest)	UNKNOWN STEP	2026-09-03T20:22:02.3148271Z            ^^^^^^^^^[[90m^[[39;49;00m
test (3.12.10, ubuntu-latest)	UNKNOWN STEP	2026-09-03T20:22:02.3148914Z ^[[1m^[[31mE       TypeError: BlackTestCase.test_is_filesystem_root() missing 1 required positional argument: 'tmp_path'^[[0m
test (3.12.10, ubuntu-latest)	UNKNOWN STEP	2026-09-03T20:22:02.3149405Z 
test (3.12.10, ubuntu-latest)	UNKNOWN STEP	2026-09-03T20:22:02.3149782Z ^[[1m^[[31m/opt/hostedtoolcache/Python/3.12.10/x64/lib/python3.12/unittest/case.py^[[0m:589: TypeError
test (3.12.10, ubuntu-latest)	UNKNOWN STEP	2026-09-03T20:22:02.3150332Z ================================ tests coverage ================================
test (3.12.10, ubuntu-latest)	UNKNOWN STEP	2026-09-03T20:22:02.3150978Z _______________ coverage: platform linux, python 3.12.10-final-0 _______________
test (3.12.10, ubuntu-latest)	UNKNOWN STEP	2026-09-03T20:22:02.3151310Z 
test (3.12.10, ubuntu-latest)	UNKNOWN STEP	2026-09-03T20:22:02.3151464Z Name                                         Stmts   Miss Branch BrPart  Cover
test (3.12.10, ubuntu-latest)	UNKNOWN STEP	2026-09-03T20:22:02.3172869Z ^[[36m^[[1m=========================== short test summary info ============================^[[0m
test (3.12.10, ubuntu-latest)	UNKNOWN STEP	2026-09-03T20:22:02.3176319Z ^[[31mFAILED^[[0m tests/test_black.py::^[[1mBlackTestCase::test_is_filesystem_root^[[0m - TypeError: BlackTestCase.test_is_filesystem_root() missing 1 required posit...
test (3.12.10, ubuntu-latest)	UNKNOWN STEP	2026-09-03T20:22:02.3177471Z ^[[31m=== ^[[31m^[[1m1 failed^[[0m, ^[[32m483 passed^[[0m, ^[[33m1 skipped^[[0m, ^[[32m8 subtests passed^[[0m^[[31m in 119.49s (0:01:59)^[[0m^[[31m ====^[[0m
test (3.12.10, ubuntu-latest)	UNKNOWN STEP	2026-09-03T20:22:02.3531382Z ci-py31210: exit 1 (120.01 seconds) /home/runner/work/black/black> pytest tests --run-optional no_jupyter --numprocesses auto --cov -v --color=yes pid=2965
test (3.12.10, ubuntu-latest)	UNKNOWN STEP	2026-09-03T20:22:02.3536208Z   ci-py31210: FAIL code 1 (128.71=setup[4.00]+cmd[4.57,0.13,120.01] seconds)
test (3.12.10, ubuntu-latest)	UNKNOWN STEP	2026-09-03T20:22:02.3536891Z   evaluation failed :( (128.74 seconds)
test (3.12.10, ubuntu-latest)	UNKNOWN STEP	2026-09-03T20:22:02.3898201Z ##[error]Process completed with exit code 1.
test (3.12.10, ubuntu-latest)	UNKNOWN STEP	2026-09-03T20:22:02.4024887Z Post job cleanup.
test (3.12.10, ubuntu-latest)	UNKNOWN STEP	2026-09-03T20:22:02.4908344Z [command]/usr/bin/git version
test (3.12.10, ubuntu-latest)	UNKNOWN STEP	2026-09-03T20:22:02.4946017Z git version 2.55.0
test (3.12.10, ubuntu-latest)	UNKNOWN STEP	2026-09-03T20:22:02.4983116Z Temporarily overriding HOME='/home/runner/work/_temp/2a5cdc36-ae41-43bd-935f-b96bb99e2e21' before making global git config changes
test (3.14, ubuntu-latest)	UNKNOWN STEP	2026-09-03T20:20:15.0050157Z [gw3]^[[36m [ 99%] ^[[0m^[[32mPASSED^[[0m tests/test_format.py::test_empty 
test (3.14, ubuntu-latest)	UNKNOWN STEP	2026-09-03T20:20:15.0078772Z tests/test_format.py::test_patma_invalid 
test (3.14, ubuntu-latest)	UNKNOWN STEP	2026-09-03T20:20:15.2822575Z [gw3]^[[36m [ 99%] ^[[0m^[[32mPASSED^[[0m tests/test_format.py::test_patma_invalid 
test (3.14, ubuntu-latest)	UNKNOWN STEP	2026-09-03T20:20:17.2859906Z [gw0]^[[36m [100%] ^[[0m^[[32mPASSED^[[0m tests/test_format.py::test_simple_format[pattern_matching_complex] 
test (3.14, ubuntu-latest)	UNKNOWN STEP	2026-09-03T20:20:17.2860597Z 
test (3.14, ubuntu-latest)	UNKNOWN STEP	2026-09-03T20:20:17.2860820Z =================================== FAILURES ===================================
test (3.14, ubuntu-latest)	UNKNOWN STEP	2026-09-03T20:20:17.2862051Z ^[[31m^[[1m____________________ BlackTestCase.test_is_filesystem_root _____________________^[[0m
test (3.14, ubuntu-latest)	UNKNOWN STEP	2026-09-03T20:20:17.2862989Z [gw1] linux -- Python 3.14.7 /home/runner/work/black/black/.tox/ci-py314/bin/python
test (3.14, ubuntu-latest)	UNKNOWN STEP	2026-09-03T20:20:17.2863480Z 
test (3.14, ubuntu-latest)	UNKNOWN STEP	2026-09-03T20:20:17.2863715Z self = <unittest.case._Outcome object at 0x7f895b1a9300>
test (3.14, ubuntu-latest)	UNKNOWN STEP	2026-09-03T20:20:17.2864406Z test_case = <tests.test_black.BlackTestCase testMethod=test_is_filesystem_root>
test (3.14, ubuntu-latest)	UNKNOWN STEP	2026-09-03T20:20:17.2865018Z subTest = False
test (3.14, ubuntu-latest)	UNKNOWN STEP	2026-09-03T20:20:17.2865207Z 
test (3.14, ubuntu-latest)	UNKNOWN STEP	2026-09-03T20:20:17.2865575Z     ^[[0m^[[37m@contextlib^[[39;49;00m.contextmanager^[[90m^[[39;49;00m
test (3.14, ubuntu-latest)	UNKNOWN STEP	2026-09-03T20:20:17.2866742Z     ^[[94mdef^[[39;49;00m^[[90m ^[[39;49;00m^[[92mtestPartExecutor^[[39;49;00m(^[[96mself^[[39;49;00m, test_case, subTest=^[[94mFalse^[[39;49;00m):^[[90m^[[39;49;00m
test (3.14, ubuntu-latest)	UNKNOWN STEP	2026-09-03T20:20:17.2867797Z         old_success = ^[[96mself^[[39;49;00m.success^[[90m^[[39;49;00m
test (3.14, ubuntu-latest)	UNKNOWN STEP	2026-09-03T20:20:17.2868435Z         ^[[96mself^[[39;49;00m.success = ^[[94mTrue^[[39;49;00m^[[90m^[[39;49;00m
test (3.14, ubuntu-latest)	UNKNOWN STEP	2026-09-03T20:20:17.2868844Z         ^[[94mtry^[[39;49;00m:^[[90m^[[39;49;00m
test (3.14, ubuntu-latest)	UNKNOWN STEP	2026-09-03T20:20:17.2869361Z 
test (3.14, ubuntu-latest)	UNKNOWN STEP	2026-09-03T20:20:17.2869681Z ^[[1m^[[31m/opt/hostedtoolcache/Python/3.14.7/x64/lib/python3.14/unittest/case.py^[[0m:58: 
test (3.14, ubuntu-latest)	UNKNOWN STEP	2026-09-03T20:20:17.2870158Z _ _ _ _ _ _ _ _ _ _ _ _ _ _ _ _ _ _ _ _ _ _ _ _ _ _ _ _ _ _ _ _ _ _ _ _ _ _ _ _ 
test (3.14, ubuntu-latest)	UNKNOWN STEP	2026-09-03T20:20:17.2870713Z ^[[1m^[[31m/opt/hostedtoolcache/Python/3.14.7/x64/lib/python3.14/unittest/case.py^[[0m:669: in run
test (3.14, ubuntu-latest)	UNKNOWN STEP	2026-09-03T20:20:17.2871850Z     ^[[0m^[[96mself^[[39;49;00m._callTestMethod(testMethod)^[[90m^[[39;49;00m
test (3.14, ubuntu-latest)	UNKNOWN STEP	2026-09-03T20:20:17.2872266Z _ _ _ _ _ _ _ _ _ _ _ _ _ _ _ _ _ _ _ _ _ _ _ _ _ _ _ _ _ _ _ _ _ _ _ _ _ _ _ _ 
test (3.14, ubuntu-latest)	UNKNOWN STEP	2026-09-03T20:20:17.2872503Z 
test (3.14, ubuntu-latest)	UNKNOWN STEP	2026-09-03T20:20:17.2872708Z self = <tests.test_black.BlackTestCase testMethod=test_is_filesystem_root>
test (3.14, ubuntu-latest)	UNKNOWN STEP	2026-09-03T20:20:17.2875265Z                  ^^^^^^^^^[[90m^[[39;49;00m
test (3.14, ubuntu-latest)	UNKNOWN STEP	2026-09-03T20:20:17.2875850Z ^[[1m^[[31mE       TypeError: BlackTestCase.test_is_filesystem_root() missing 1 required positional argument: 'tmp_path'^[[0m
test (3.14, ubuntu-latest)	UNKNOWN STEP	2026-09-03T20:20:17.2876285Z 
test (3.14, ubuntu-latest)	UNKNOWN STEP	2026-09-03T20:20:17.2876651Z ^[[1m^[[31m/opt/hostedtoolcache/Python/3.14.7/x64/lib/python3.14/unittest/case.py^[[0m:615: TypeError
test (3.14, ubuntu-latest)	UNKNOWN STEP	2026-09-03T20:20:17.2877154Z ================================ tests coverage ================================
test (3.14, ubuntu-latest)	UNKNOWN STEP	2026-09-03T20:20:17.2877584Z _______________ coverage: platform linux, python 3.14.7-final-0 ________________
test (3.14, ubuntu-latest)	UNKNOWN STEP	2026-09-03T20:20:17.2877856Z 
test (3.14, ubuntu-latest)	UNKNOWN STEP	2026-09-03T20:20:17.2878017Z Name                                         Stmts   Miss Branch BrPart  Cover
test (3.14, ubuntu-latest)	UNKNOWN STEP	2026-09-03T20:20:17.2897572Z ^[[36m^[[1m=========================== short test summary info ============================^[[0m
test (3.14, ubuntu-latest)	UNKNOWN STEP	2026-09-03T20:20:17.2898970Z ^[[31mFAILED^[[0m tests/test_black.py::^[[1mBlackTestCase::test_is_filesystem_root^[[0m - TypeError: BlackTestCase.test_is_filesystem_root() missing 1 required posit...
test (3.14, ubuntu-latest)	UNKNOWN STEP	2026-09-03T20:20:17.2900026Z ^[[31m========= ^[[31m^[[1m1 failed^[[0m, ^[[32m483 passed^[[0m, ^[[33m1 skipped^[[0m, ^[[32m8 subtests passed^[[0m^[[31m in 29.78s^[[0m^[[31m =========^[[0m
test (3.14, ubuntu-latest)	UNKNOWN STEP	2026-09-03T20:20:17.3376939Z ci-py314: exit 1 (30.60 seconds) /home/runner/work/black/black> pytest tests --run-optional no_jupyter --numprocesses auto --cov -v --color=yes pid=2882
test (3.14, ubuntu-latest)	UNKNOWN STEP	2026-09-03T20:20:17.3382622Z   ci-py314: FAIL code 1 (40.46=setup[4.29]+cmd[5.33,0.23,30.60] seconds)
test (3.14, ubuntu-latest)	UNKNOWN STEP	2026-09-03T20:20:17.3383223Z   evaluation failed :( (40.49 seconds)
test (3.14, ubuntu-latest)	UNKNOWN STEP	2026-09-03T20:20:17.3827244Z ##[error]Process completed with exit code 1.
test (3.14, ubuntu-latest)	UNKNOWN STEP	2026-09-03T20:20:17.3965712Z Post job cleanup.
test (3.14, ubuntu-latest)	UNKNOWN STEP	2026-09-03T20:20:17.4807375Z [command]/usr/bin/git version
test (3.14, ubuntu-latest)	UNKNOWN STEP	2026-09-03T20:20:17.4844936Z git version 2.55.0
test (3.14, ubuntu-latest)	UNKNOWN STEP	2026-09-03T20:20:17.4876858Z Temporarily overriding HOME='/home/runner/work/_temp/04d06d06-6e36-4ea3-9642-045066f17623' before making global git config changes
test (3.14, windows-latest)	UNKNOWN STEP	2026-09-03T20:20:41.0392242Z [gw2]^[[36m [ 98%] ^[[0m^[[32mPASSED^[[0m tests/test_ranges.py::test_sanitize[lines9-sanitized9] 
test (3.14, windows-latest)	UNKNOWN STEP	2026-09-03T20:20:41.0393309Z tests/test_ranges.py::test_sanitize[lines7-sanitized7] 
test (3.14, windows-latest)	UNKNOWN STEP	2026-09-03T20:20:41.0394165Z tests/test_schema.py::test_schema_entrypoint 
test (3.14, windows-latest)	UNKNOWN STEP	2026-09-03T20:20:41.0395352Z [gw1]^[[36m [ 98%] ^[[0m^[[32mPASSED^[[0m tests/test_ranges.py::test_sanitize[lines7-sanitized7] 
test (3.14, windows-latest)	UNKNOWN STEP	2026-09-03T20:20:41.0396181Z tests/test_tokenize.py::test_simple 
test (3.14, windows-latest)	UNKNOWN STEP	2026-09-03T20:20:41.0397190Z [gw1]^[[36m [ 98%] ^[[0m^[[32mPASSED^[[0m tests/test_tokenize.py::test_simple 
test (3.14, windows-latest)	UNKNOWN STEP	2026-09-03T20:20:41.0398049Z tests/test_trans.py::test_fexpr_spans 
test (3.14, windows-latest)	UNKNOWN STEP	2026-09-03T20:20:41.0798107Z [gw1]^[[36m [ 98%] ^[[0m^[[32mPASSED^[[0m tests/test_trans.py::test_fexpr_spans 
test (3.14, windows-latest)	UNKNOWN STEP	2026-09-03T20:20:41.0801742Z [gw2]^[[36m [ 98%] ^[[0m^[[32mPASSED^[[0m tests/test_schema.py::test_schema_entrypoint 
test (3.14, windows-latest)	UNKNOWN STEP	2026-09-03T20:20:41.0802625Z tests/test_tokenize.py::test_fstring 
test (3.14, windows-latest)	UNKNOWN STEP	2026-09-03T20:20:41.3829010Z [gw2]^[[36m [ 99%] ^[[0m^[[32mPASSED^[[0m tests/test_tokenize.py::test_fstring 
test (3.14, windows-latest)	UNKNOWN STEP	2026-09-03T20:20:41.3836457Z [gw0]^[[36m [ 99%] ^[[0m^[[32mPASSED^[[0m tests/test_format.py::test_simple_format[skip_magic_trailing_comma_generic_wrap] 
test (3.14, windows-latest)	UNKNOWN STEP	2026-09-03T20:20:41.6355584Z tests/test_format.py::test_simple_format[slices] 
test (3.14, windows-latest)	UNKNOWN STEP	2026-09-03T20:20:41.8880520Z [gw0]^[[36m [ 99%] ^[[0m^[[32mPASSED^[[0m tests/test_format.py::test_simple_format[slices] 
test (3.14, windows-latest)	UNKNOWN STEP	2026-09-03T20:20:41.8884963Z [gw3]^[[36m [ 99%] ^[[0m^[[32mPASSED^[[0m tests/test_format.py::test_line_ranges_line_by_line[basic] 
test (3.14, windows-latest)	UNKNOWN STEP	2026-09-03T20:20:41.8886184Z tests/test_format.py::test_line_ranges_line_by_line[function_docstring] 
test (3.14, windows-latest)	UNKNOWN STEP	2026-09-03T20:20:44.1020612Z [gw3]^[[36m [100%] ^[[0m^[[32mPASSED^[[0m tests/test_format.py::test_line_ranges_line_by_line[function_docstring] 
test (3.14, windows-latest)	UNKNOWN STEP	2026-09-03T20:20:44.1021494Z 
test (3.14, windows-latest)	UNKNOWN STEP	2026-09-03T20:20:44.1021756Z ================================== FAILURES ===================================
test (3.14, windows-latest)	UNKNOWN STEP	2026-09-03T20:20:44.1022930Z ^[[31m^[[1m____________________ BlackTestCase.test_is_filesystem_root ____________________^[[0m
test (3.14, windows-latest)	UNKNOWN STEP	2026-09-03T20:20:44.1023972Z [gw1] win32 -- Python 3.14.7 D:\a\black\black\.tox\ci-py314\Scripts\python.EXE
test (3.14, windows-latest)	UNKNOWN STEP	2026-09-03T20:20:44.1024465Z 
test (3.14, windows-latest)	UNKNOWN STEP	2026-09-03T20:20:44.1024731Z self = <unittest.case._Outcome object at 0x00000238C72BA340>
test (3.14, windows-latest)	UNKNOWN STEP	2026-09-03T20:20:44.1025484Z test_case = <tests.test_black.BlackTestCase testMethod=test_is_filesystem_root>
test (3.14, windows-latest)	UNKNOWN STEP	2026-09-03T20:20:44.1026115Z subTest = False
test (3.14, windows-latest)	UNKNOWN STEP	2026-09-03T20:20:44.1026305Z 
test (3.14, windows-latest)	UNKNOWN STEP	2026-09-03T20:20:44.1031393Z 
test (3.14, windows-latest)	UNKNOWN STEP	2026-09-03T20:20:44.1032320Z ^[[1m^[[31mC:\hostedtoolcache\windows\Python\3.14.7\x64\Lib\unittest\case.py^[[0m:58: 
test (3.14, windows-latest)	UNKNOWN STEP	2026-09-03T20:20:44.1032890Z _ _ _ _ _ _ _ _ _ _ _ _ _ _ _ _ _ _ _ _ _ _ _ _ _ _ _ _ _ _ _ _ _ _ _ _ _ _ _ _
test (3.14, windows-latest)	UNKNOWN STEP	2026-09-03T20:20:44.1033787Z ^[[1m^[[31mC:\hostedtoolcache\windows\Python\3.14.7\x64\Lib\unittest\case.py^[[0m:669: in run
test (3.14, windows-latest)	UNKNOWN STEP	2026-09-03T20:20:44.1034477Z     ^[[0m^[[96mself^[[39;49;00m._callTestMethod(testMethod)^[[90m^[[39;49;00m
test (3.14, windows-latest)	UNKNOWN STEP	2026-09-03T20:20:44.1034946Z _ _ _ _ _ _ _ _ _ _ _ _ _ _ _ _ _ _ _ _ _ _ _ _ _ _ _ _ _ _ _ _ _ _ _ _ _ _ _ _
test (3.14, windows-latest)	UNKNOWN STEP	2026-09-03T20:20:44.1035225Z 
test (3.14, windows-latest)	UNKNOWN STEP	2026-09-03T20:20:44.1035571Z self = <tests.test_black.BlackTestCase testMethod=test_is_filesystem_root>
test (3.14, windows-latest)	UNKNOWN STEP	2026-09-03T20:20:44.1038641Z                  ^^^^^^^^^[[90m^[[39;49;00m
test (3.14, windows-latest)	UNKNOWN STEP	2026-09-03T20:20:44.1039369Z ^[[1m^[[31mE       TypeError: BlackTestCase.test_is_filesystem_root() missing 1 required positional argument: 'tmp_path'^[[0m
test (3.14, windows-latest)	UNKNOWN STEP	2026-09-03T20:20:44.1039924Z 
test (3.14, windows-latest)	UNKNOWN STEP	2026-09-03T20:20:44.1040306Z ^[[1m^[[31mC:\hostedtoolcache\windows\Python\3.14.7\x64\Lib\unittest\case.py^[[0m:615: TypeError
test (3.14, windows-latest)	UNKNOWN STEP	2026-09-03T20:20:44.1040900Z =============================== tests coverage ================================
test (3.14, windows-latest)	UNKNOWN STEP	2026-09-03T20:20:44.1041426Z _______________ coverage: platform win32, python 3.14.7-final-0 _______________
test (3.14, windows-latest)	UNKNOWN STEP	2026-09-03T20:20:44.1041770Z 
test (3.14, windows-latest)	UNKNOWN STEP	2026-09-03T20:20:44.1041927Z Name                                         Stmts   Miss Branch BrPart  Cover
test (3.14, windows-latest)	UNKNOWN STEP	2026-09-03T20:20:44.1063863Z ^[[36m^[[1m=========================== short test summary info ===========================^[[0m
test (3.14, windows-latest)	UNKNOWN STEP	2026-09-03T20:20:44.1065673Z ^[[31mFAILED^[[0m tests/test_black.py::^[[1mBlackTestCase::test_is_filesystem_root^[[0m - TypeError: BlackTestCase.test_is_filesystem_root() missing 1 required posit...
test (3.14, windows-latest)	UNKNOWN STEP	2026-09-03T20:20:44.1067778Z ^[[31m======== ^[[31m^[[1m1 failed^[[0m, ^[[32m483 passed^[[0m, ^[[33m1 skipped^[[0m, ^[[32m8 subtests passed^[[0m^[[31m in 36.77s^[[0m^[[31m =========^[[0m
test (3.14, windows-latest)	UNKNOWN STEP	2026-09-03T20:20:44.1741852Z ci-py314: exit 1 (37.79 seconds) D:\a\black\black> pytest tests --run-optional no_jupyter --numprocesses auto --cov -v --color=yes pid=4552
test (3.14, windows-latest)	UNKNOWN STEP	2026-09-03T20:20:44.1751658Z   ci-py314: FAIL code 1 (57.76=setup[7.55]+cmd[11.81,0.61,37.79] seconds)
test (3.14, windows-latest)	UNKNOWN STEP	2026-09-03T20:20:44.1752149Z   evaluation failed :( (57.80 seconds)
test (3.14, windows-latest)	UNKNOWN STEP	2026-09-03T20:20:44.2757635Z ##[error]Process completed with exit code 1.
test (3.14, windows-latest)	UNKNOWN STEP	2026-09-03T20:20:44.3068687Z Post job cleanup.
test (3.14, windows-latest)	UNKNOWN STEP	2026-09-03T20:20:44.5106388Z [command]"C:\Program Files\Git\bin\git.exe" version
test (3.14, windows-latest)	UNKNOWN STEP	2026-09-03T20:20:44.5387139Z git version 2.55.0.windows.5
test (3.14, windows-latest)	UNKNOWN STEP	2026-09-03T20:20:44.5455787Z Temporarily overriding HOME='D:\a\_temp\c80669a3-3b17-4b17-a2d2-79f264a5ace1' before making global git config changes
test (3.15, macOS-latest)	UNKNOWN STEP	2026-09-03T20:21:11.9772880Z =================================== FAILURES ===================================
test (3.15, macOS-latest)	UNKNOWN STEP	2026-09-03T20:21:11.9876820Z ^[[31m^[[1m____________________ BlackTestCase.test_is_filesystem_root _____________________^[[0m
test (3.15, macOS-latest)	UNKNOWN STEP	2026-09-03T20:21:11.9978880Z [gw1] darwin -- Python 3.15.0 /Users/runner/work/black/black/.tox/ci-py315/bin/python
test (3.15, macOS-latest)	UNKNOWN STEP	2026-09-03T20:21:12.0078800Z 
test (3.15, macOS-latest)	UNKNOWN STEP	2026-09-03T20:21:12.0180850Z self = <unittest.case._Outcome object at 0x10b0edcd0>
test (3.15, macOS-latest)	UNKNOWN STEP	2026-09-03T20:21:12.0274360Z test_case = <tests.test_black.BlackTestCase testMethod=test_is_filesystem_root>
test (3.15, macOS-latest)	UNKNOWN STEP	2026-09-03T20:21:12.0285660Z subTest = False
test (3.15, macOS-latest)	UNKNOWN STEP	2026-09-03T20:21:12.0286510Z 
test (3.15, macOS-latest)	UNKNOWN STEP	2026-09-03T20:21:12.0287090Z     ^[[0m^[[37m@contextlib^[[39;49;00m.contextmanager^[[90m^[[39;49;00m
test (3.15, macOS-latest)	UNKNOWN STEP	2026-09-03T20:21:12.0288180Z     ^[[94mdef^[[39;49;00m^[[90m ^[[39;49;00m^[[92mtestPartExecutor^[[39;49;00m(^[[96mself^[[39;49;00m, test_case, subTest=^[[94mFalse^[[39;49;00m):^[[90m^[[39;49;00m
test (3.15, macOS-latest)	UNKNOWN STEP	2026-09-03T20:21:12.0289020Z         old_success = ^[[96mself^[[39;49;00m.success^[[90m^[[39;49;00m
test (3.15, macOS-latest)	UNKNOWN STEP	2026-09-03T20:21:12.0289730Z         ^[[96mself^[[39;49;00m.success = ^[[94mTrue^[[39;49;00m^[[90m^[[39;49;00m
test (3.15, macOS-latest)	UNKNOWN STEP	2026-09-03T20:21:12.0290390Z         ^[[94mtry^[[39;49;00m:^[[90m^[[39;49;00m
test (3.15, macOS-latest)	UNKNOWN STEP	2026-09-03T20:21:12.0291050Z >           ^[[94myield^[[39;49;00m^[[90m^[[39;49;00m
test (3.15, macOS-latest)	UNKNOWN STEP	2026-09-03T20:21:12.0291460Z 
test (3.15, macOS-latest)	UNKNOWN STEP	2026-09-03T20:21:12.0292010Z ^[[1m^[[31m/Library/Frameworks/Python.framework/Versions/3.15/lib/python3.15/unittest/case.py^[[0m:58: 
test (3.15, macOS-latest)	UNKNOWN STEP	2026-09-03T20:21:12.0297630Z _ _ _ _ _ _ _ _ _ _ _ _ _ _ _ _ _ _ _ _ _ _ _ _ _ _ _ _ _ _ _ _ _ _ _ _ _ _ _ _ 
test (3.15, macOS-latest)	UNKNOWN STEP	2026-09-03T20:21:12.0298430Z ^[[1m^[[31m/Library/Frameworks/Python.framework/Versions/3.15/lib/python3.15/unittest/case.py^[[0m:691: in run
test (3.15, macOS-latest)	UNKNOWN STEP	2026-09-03T20:21:12.0298950Z     ^[[0m^[[96mself^[[39;49;00m._callTestMethod(testMethod)^[[90m^[[39;49;00m
test (3.15, macOS-latest)	UNKNOWN STEP	2026-09-03T20:21:12.0299280Z _ _ _ _ _ _ _ _ _ _ _ _ _ _ _ _ _ _ _ _ _ _ _ _ _ _ _ _ _ _ _ _ _ _ _ _ _ _ _ _ 
test (3.15, macOS-latest)	UNKNOWN STEP	2026-09-03T20:21:12.0299480Z 
test (3.15, macOS-latest)	UNKNOWN STEP	2026-09-03T20:21:12.0299680Z self = <tests.test_black.BlackTestCase testMethod=test_is_filesystem_root>
test (3.15, macOS-latest)	UNKNOWN STEP	2026-09-03T20:21:12.0301950Z                  ^^^^^^^^^[[90m^[[39;49;00m
test (3.15, macOS-latest)	UNKNOWN STEP	2026-09-03T20:21:12.0302450Z ^[[1m^[[31mE       TypeError: BlackTestCase.test_is_filesystem_root() missing 1 required positional argument: 'tmp_path'^[[0m
test (3.15, macOS-latest)	UNKNOWN STEP	2026-09-03T20:21:12.0302850Z 
test (3.15, macOS-latest)	UNKNOWN STEP	2026-09-03T20:21:12.0303190Z ^[[1m^[[31m/Library/Frameworks/Python.framework/Versions/3.15/lib/python3.15/unittest/case.py^[[0m:637: TypeError
test (3.15, macOS-latest)	UNKNOWN STEP	2026-09-03T20:21:12.0303710Z ================================ tests coverage ================================
test (3.15, macOS-latest)	UNKNOWN STEP	2026-09-03T20:21:12.0304110Z _____________ coverage: platform darwin, python 3.15.0-candidate-2 _____________
test (3.15, macOS-latest)	UNKNOWN STEP	2026-09-03T20:21:12.0304410Z 
test (3.15, macOS-latest)	UNKNOWN STEP	2026-09-03T20:21:12.0304570Z Name                                         Stmts   Miss Branch BrPart  Cover
test (3.15, macOS-latest)	UNKNOWN STEP	2026-09-03T20:21:12.0337860Z ^[[36m^[[1m=========================== short test summary info ============================^[[0m
test (3.15, macOS-latest)	UNKNOWN STEP	2026-09-03T20:21:12.0347610Z ^[[31mFAILED^[[0m tests/test_black.py::^[[1mBlackTestCase::test_is_filesystem_root^[[0m - TypeError: BlackTestCase.test_is_filesystem_root() missing 1 required posit...
test (3.15, macOS-latest)	UNKNOWN STEP	2026-09-03T20:21:12.0348690Z ^[[31m========= ^[[31m^[[1m1 failed^[[0m, ^[[32m480 passed^[[0m, ^[[33m4 skipped^[[0m, ^[[32m8 subtests passed^[[0m^[[31m in 22.41s^[[0m^[[31m =========^[[0m
test (3.15, macOS-latest)	UNKNOWN STEP	2026-09-03T20:21:12.0349800Z ci-py315: exit 1 (23.09 seconds) /Users/runner/work/black/black> pytest tests --run-optional no_jupyter --numprocesses auto --cov -v --color=yes pid=3140
test (3.15, macOS-latest)	UNKNOWN STEP	2026-09-03T20:21:12.0452710Z   ci-py315: FAIL code 1 (53.51=setup[6.52]+cmd[23.62,0.28,23.09] seconds)
test (3.15, macOS-latest)	UNKNOWN STEP	2026-09-03T20:21:12.0500590Z   evaluation failed :( (53.54 seconds)
test (3.15, macOS-latest)	UNKNOWN STEP	2026-09-03T20:21:12.1223620Z ##[error]Process completed with exit code 1.
test (3.15, macOS-latest)	UNKNOWN STEP	2026-09-03T20:21:12.1424160Z Post job cleanup.
test (3.15, macOS-latest)	UNKNOWN STEP	2026-09-03T20:21:12.5170020Z [command]/opt/homebrew/bin/git version
test (3.15, macOS-latest)	UNKNOWN STEP	2026-09-03T20:21:12.5366140Z git version 2.55.0
test (3.15, macOS-latest)	UNKNOWN STEP	2026-09-03T20:21:12.5387090Z Copying '/Users/runner/.gitconfig' to '/Users/runner/work/_temp/1b2adbc1-dd31-4adb-b6d1-627e21421f8f/.gitconfig'
test (3.11, windows-11-arm)	UNKNOWN STEP	2026-09-03T20:22:52.9639690Z 
test (3.11, windows-11-arm)	UNKNOWN STEP	2026-09-03T20:22:52.9639948Z ================================== FAILURES ===================================
test (3.11, windows-11-arm)	UNKNOWN STEP	2026-09-03T20:22:52.9640582Z ^[[31m^[[1m____________________ BlackTestCase.test_is_filesystem_root ____________________^[[0m
test (3.11, windows-11-arm)	UNKNOWN STEP	2026-09-03T20:22:52.9641101Z [gw1] win32 -- Python 3.11.9 C:\a\black\black\.tox\ci-py311\Scripts\python.EXE
test (3.11, windows-11-arm)	UNKNOWN STEP	2026-09-03T20:22:52.9641389Z 
test (3.11, windows-11-arm)	UNKNOWN STEP	2026-09-03T20:22:52.9641541Z self = <unittest.case._Outcome object at 0x000002647D1A33D0>
test (3.11, windows-11-arm)	UNKNOWN STEP	2026-09-03T20:22:52.9642045Z test_case = <tests.test_black.BlackTestCase testMethod=test_is_filesystem_root>
test (3.11, windows-11-arm)	UNKNOWN STEP	2026-09-03T20:22:52.9642424Z subTest = False
test (3.11, windows-11-arm)	UNKNOWN STEP	2026-09-03T20:22:52.9643998Z 
test (3.11, windows-11-arm)	UNKNOWN STEP	2026-09-03T20:22:52.9644417Z     ^[[0m^[[37m@contextlib^[[39;49;00m.contextmanager^[[90m^[[39;49;00m
test (3.11, windows-11-arm)	UNKNOWN STEP	2026-09-03T20:22:52.9645140Z     ^[[94mdef^[[39;49;00m^[[90m ^[[39;49;00m^[[92mtestPartExecutor^[[39;49;00m(^[[96mself^[[39;49;00m, test_case, subTest=^[[94mFalse^[[39;49;00m):^[[90m^[[39;49;00m
test (3.11, windows-11-arm)	UNKNOWN STEP	2026-09-03T20:22:52.9645794Z         old_success = ^[[96mself^[[39;49;00m.success^[[90m^[[39;49;00m
test (3.11, windows-11-arm)	UNKNOWN STEP	2026-09-03T20:22:52.9647710Z 
test (3.11, windows-11-arm)	UNKNOWN STEP	2026-09-03T20:22:52.9648070Z ^[[1m^[[31mC:\hostedtoolcache\windows\Python\3.11.9\arm64\Lib\unittest\case.py^[[0m:57: 
test (3.11, windows-11-arm)	UNKNOWN STEP	2026-09-03T20:22:52.9648502Z _ _ _ _ _ _ _ _ _ _ _ _ _ _ _ _ _ _ _ _ _ _ _ _ _ _ _ _ _ _ _ _ _ _ _ _ _ _ _ _
test (3.11, windows-11-arm)	UNKNOWN STEP	2026-09-03T20:22:52.9649007Z ^[[1m^[[31mC:\hostedtoolcache\windows\Python\3.11.9\arm64\Lib\unittest\case.py^[[0m:623: in run
test (3.11, windows-11-arm)	UNKNOWN STEP	2026-09-03T20:22:52.9649531Z     ^[[0m^[[96mself^[[39;49;00m._callTestMethod(testMethod)^[[90m^[[39;49;00m
test (3.11, windows-11-arm)	UNKNOWN STEP	2026-09-03T20:22:52.9649895Z _ _ _ _ _ _ _ _ _ _ _ _ _ _ _ _ _ _ _ _ _ _ _ _ _ _ _ _ _ _ _ _ _ _ _ _ _ _ _ _
test (3.11, windows-11-arm)	UNKNOWN STEP	2026-09-03T20:22:52.9650110Z 
test (3.11, windows-11-arm)	UNKNOWN STEP	2026-09-03T20:22:52.9650293Z self = <tests.test_black.BlackTestCase testMethod=test_is_filesystem_root>
test (3.11, windows-11-arm)	UNKNOWN STEP	2026-09-03T20:22:52.9652876Z            ^^^^^^^^^[[90m^[[39;49;00m
test (3.11, windows-11-arm)	UNKNOWN STEP	2026-09-03T20:22:52.9654153Z ^[[1m^[[31mE       TypeError: BlackTestCase.test_is_filesystem_root() missing 1 required positional argument: 'tmp_path'^[[0m
test (3.11, windows-11-arm)	UNKNOWN STEP	2026-09-03T20:22:52.9654632Z 
test (3.11, windows-11-arm)	UNKNOWN STEP	2026-09-03T20:22:52.9655052Z ^[[1m^[[31mC:\hostedtoolcache\windows\Python\3.11.9\arm64\Lib\unittest\case.py^[[0m:579: TypeError
test (3.11, windows-11-arm)	UNKNOWN STEP	2026-09-03T20:22:52.9655511Z =============================== tests coverage ================================
test (3.11, windows-11-arm)	UNKNOWN STEP	2026-09-03T20:22:52.9655906Z _______________ coverage: platform win32, python 3.11.9-final-0 _______________
test (3.11, windows-11-arm)	UNKNOWN STEP	2026-09-03T20:22:52.9656173Z 
test (3.11, windows-11-arm)	UNKNOWN STEP	2026-09-03T20:22:52.9656305Z Name                                         Stmts   Miss Branch BrPart  Cover
test (3.11, windows-11-arm)	UNKNOWN STEP	2026-09-03T20:22:52.9675396Z ^[[36m^[[1m=========================== short test summary info ===========================^[[0m
test (3.11, windows-11-arm)	UNKNOWN STEP	2026-09-03T20:22:52.9676793Z ^[[31mFAILED^[[0m tests/test_black.py::^[[1mBlackTestCase::test_is_filesystem_root^[[0m - TypeError: BlackTestCase.test_is_filesystem_root() missing 1 required posit...
test (3.11, windows-11-arm)	UNKNOWN STEP	2026-09-03T20:22:52.9677801Z ^[[31m=== ^[[31m^[[1m1 failed^[[0m, ^[[32m482 passed^[[0m, ^[[33m2 skipped^[[0m, ^[[32m8 subtests passed^[[0m^[[31m in 75.01s (0:01:15)^[[0m^[[31m ====^[[0m
test (3.11, windows-11-arm)	UNKNOWN STEP	2026-09-03T20:22:53.0169057Z ci-py311: exit 1 (75.84 seconds) C:\a\black\black> pytest tests --run-optional no_jupyter --numprocesses auto --cov -v --color=yes pid=3844
test (3.11, windows-11-arm)	UNKNOWN STEP	2026-09-03T20:22:53.0185332Z   ci-py311: FAIL code 1 (101.42=setup[10.50]+cmd[14.77,0.31,75.84] seconds)
test (3.11, windows-11-arm)	UNKNOWN STEP	2026-09-03T20:22:53.0185705Z   evaluation failed :( (101.45 seconds)
test (3.11, windows-11-arm)	UNKNOWN STEP	2026-09-03T20:22:53.1553180Z ##[error]Process completed with exit code 1.
test (3.11, windows-11-arm)	UNKNOWN STEP	2026-09-03T20:22:53.3122066Z Post job cleanup.
test (3.11, windows-11-arm)	UNKNOWN STEP	2026-09-03T20:22:53.6388796Z [command]"C:\Program Files\Git\bin\git.exe" version
test (3.11, windows-11-arm)	UNKNOWN STEP	2026-09-03T20:22:53.6919758Z git version 2.55.0.windows.5
test (3.11, windows-11-arm)	UNKNOWN STEP	2026-09-03T20:22:53.7014278Z Temporarily overriding HOME='C:\a\_temp\6609168f-7ddd-4a28-8505-b85c736ab4d3' before making global git config changes
test (3.14, windows-11-arm)	UNKNOWN STEP	2026-09-03T20:20:54.0123153Z [gw2]^[[36m [100%] ^[[0m^[[32mPASSED^[[0m tests/test_format.py::test_empty 
test (3.14, windows-11-arm)	UNKNOWN STEP	2026-09-03T20:20:54.0123450Z 
test (3.14, windows-11-arm)	UNKNOWN STEP	2026-09-03T20:20:54.0123668Z ================================== FAILURES ===================================
test (3.14, windows-11-arm)	UNKNOWN STEP	2026-09-03T20:20:54.0124225Z ^[[31m^[[1m____________________ BlackTestCase.test_is_filesystem_root ____________________^[[0m
test (3.14, windows-11-arm)	UNKNOWN STEP	2026-09-03T20:20:54.0124767Z [gw1] win32 -- Python 3.14.7 C:\a\black\black\.tox\ci-py314\Scripts\python.EXE
test (3.14, windows-11-arm)	UNKNOWN STEP	2026-09-03T20:20:54.0125042Z 
test (3.14, windows-11-arm)	UNKNOWN STEP	2026-09-03T20:20:54.0125214Z self = <unittest.case._Outcome object at 0x0000019B6D72A820>
test (3.14, windows-11-arm)	UNKNOWN STEP	2026-09-03T20:20:54.0125691Z test_case = <tests.test_black.BlackTestCase testMethod=test_is_filesystem_root>
test (3.14, windows-11-arm)	UNKNOWN STEP	2026-09-03T20:20:54.0126129Z subTest = False
test (3.14, windows-11-arm)	UNKNOWN STEP	2026-09-03T20:20:54.0126253Z 
test (3.14, windows-11-arm)	UNKNOWN STEP	2026-09-03T20:20:54.0126529Z     ^[[0m^[[37m@contextlib^[[39;49;00m.contextmanager^[[90m^[[39;49;00m
test (3.14, windows-11-arm)	UNKNOWN STEP	2026-09-03T20:20:54.0127340Z     ^[[94mdef^[[39;49;00m^[[90m ^[[39;49;00m^[[92mtestPartExecutor^[[39;49;00m(^[[96mself^[[39;49;00m, test_case, subTest=^[[94mFalse^[[39;49;00m):^[[90m^[[39;49;00m
test (3.14, windows-11-arm)	UNKNOWN STEP	2026-09-03T20:20:54.0129775Z 
test (3.14, windows-11-arm)	UNKNOWN STEP	2026-09-03T20:20:54.0130688Z ^[[1m^[[31mC:\hostedtoolcache\windows\Python\3.14.7\arm64\Lib\unittest\case.py^[[0m:58: 
test (3.14, windows-11-arm)	UNKNOWN STEP	2026-09-03T20:20:54.0131204Z _ _ _ _ _ _ _ _ _ _ _ _ _ _ _ _ _ _ _ _ _ _ _ _ _ _ _ _ _ _ _ _ _ _ _ _ _ _ _ _
test (3.14, windows-11-arm)	UNKNOWN STEP	2026-09-03T20:20:54.0132835Z ^[[1m^[[31mC:\hostedtoolcache\windows\Python\3.14.7\arm64\Lib\unittest\case.py^[[0m:669: in run
test (3.14, windows-11-arm)	UNKNOWN STEP	2026-09-03T20:20:54.0133495Z     ^[[0m^[[96mself^[[39;49;00m._callTestMethod(testMethod)^[[90m^[[39;49;00m
test (3.14, windows-11-arm)	UNKNOWN STEP	2026-09-03T20:20:54.0133861Z _ _ _ _ _ _ _ _ _ _ _ _ _ _ _ _ _ _ _ _ _ _ _ _ _ _ _ _ _ _ _ _ _ _ _ _ _ _ _ _
test (3.14, windows-11-arm)	UNKNOWN STEP	2026-09-03T20:20:54.0134077Z 
test (3.14, windows-11-arm)	UNKNOWN STEP	2026-09-03T20:20:54.0134260Z self = <tests.test_black.BlackTestCase testMethod=test_is_filesystem_root>
test (3.14, windows-11-arm)	UNKNOWN STEP	2026-09-03T20:20:54.0136531Z                  ^^^^^^^^^[[90m^[[39;49;00m
test (3.14, windows-11-arm)	UNKNOWN STEP	2026-09-03T20:20:54.0137077Z ^[[1m^[[31mE       TypeError: BlackTestCase.test_is_filesystem_root() missing 1 required positional argument: 'tmp_path'^[[0m
test (3.14, windows-11-arm)	UNKNOWN STEP	2026-09-03T20:20:54.0137493Z 
test (3.14, windows-11-arm)	UNKNOWN STEP	2026-09-03T20:20:54.0137795Z ^[[1m^[[31mC:\hostedtoolcache\windows\Python\3.14.7\arm64\Lib\unittest\case.py^[[0m:615: TypeError
test (3.14, windows-11-arm)	UNKNOWN STEP	2026-09-03T20:20:54.0138244Z =============================== tests coverage ================================
test (3.14, windows-11-arm)	UNKNOWN STEP	2026-09-03T20:20:54.0138628Z _______________ coverage: platform win32, python 3.14.7-final-0 _______________
test (3.14, windows-11-arm)	UNKNOWN STEP	2026-09-03T20:20:54.0138886Z 
test (3.14, windows-11-arm)	UNKNOWN STEP	2026-09-03T20:20:54.0139018Z Name                                         Stmts   Miss Branch BrPart  Cover
test (3.14, windows-11-arm)	UNKNOWN STEP	2026-09-03T20:20:54.0159951Z ^[[36m^[[1m=========================== short test summary info ===========================^[[0m
test (3.14, windows-11-arm)	UNKNOWN STEP	2026-09-03T20:20:54.0161373Z ^[[31mFAILED^[[0m tests/test_black.py::^[[1mBlackTestCase::test_is_filesystem_root^[[0m - TypeError: BlackTestCase.test_is_filesystem_root() missing 1 required posit...
test (3.14, windows-11-arm)	UNKNOWN STEP	2026-09-03T20:20:54.0162406Z ^[[31m======== ^[[31m^[[1m1 failed^[[0m, ^[[32m483 passed^[[0m, ^[[33m1 skipped^[[0m, ^[[32m8 subtests passed^[[0m^[[31m in 22.73s^[[0m^[[31m =========^[[0m
test (3.14, windows-11-arm)	UNKNOWN STEP	2026-09-03T20:20:54.0766582Z ci-py314: exit 1 (25.67 seconds) C:\a\black\black> pytest tests --run-optional no_jupyter --numprocesses auto --cov -v --color=yes pid=5968
test (3.14, windows-11-arm)	UNKNOWN STEP	2026-09-03T20:20:54.0779725Z   ci-py314: FAIL code 1 (55.00=setup[11.57]+cmd[17.44,0.32,25.67] seconds)
test (3.14, windows-11-arm)	UNKNOWN STEP	2026-09-03T20:20:54.0780108Z   evaluation failed :( (55.03 seconds)
test (3.14, windows-11-arm)	UNKNOWN STEP	2026-09-03T20:20:54.1958578Z ##[error]Process completed with exit code 1.
test (3.14, windows-11-arm)	UNKNOWN STEP	2026-09-03T20:20:54.2329630Z Post job cleanup.
test (3.14, windows-11-arm)	UNKNOWN STEP	2026-09-03T20:20:54.5342590Z [command]"C:\Program Files\Git\bin\git.exe" version
test (3.14, windows-11-arm)	UNKNOWN STEP	2026-09-03T20:20:54.5842048Z git version 2.55.0.windows.5
test (3.14, windows-11-arm)	UNKNOWN STEP	2026-09-03T20:20:54.5931056Z Temporarily overriding HOME='C:\a\_temp\5c0c047d-00f6-4392-9b98-0547ac22b9e0' before making global git config changes
test (pypy3.11-v7.3.22, macOS-latest)	UNKNOWN STEP	2026-09-03T20:21:12.3789000Z ........................................................................ [ 89%]
test (pypy3.11-v7.3.22, macOS-latest)	UNKNOWN STEP	2026-09-03T20:21:16.7497300Z ....................................................                     [100%]
test (pypy3.11-v7.3.22, macOS-latest)	UNKNOWN STEP	2026-09-03T20:21:16.7598870Z =================================== FAILURES ===================================
test (pypy3.11-v7.3.22, macOS-latest)	UNKNOWN STEP	2026-09-03T20:21:16.7699600Z ____________________ BlackTestCase.test_is_filesystem_root _____________________
test (pypy3.11-v7.3.22, macOS-latest)	UNKNOWN STEP	2026-09-03T20:21:16.7777370Z [gw1] darwin -- Python 3.11.15 /Users/runner/work/black/black/.tox/ci-pypy3/bin/python
test (pypy3.11-v7.3.22, macOS-latest)	UNKNOWN STEP	2026-09-03T20:21:16.7779720Z 
test (pypy3.11-v7.3.22, macOS-latest)	UNKNOWN STEP	2026-09-03T20:21:16.7780190Z self = <unittest.case._Outcome object at 0x00000007ae5c7600>
test (pypy3.11-v7.3.22, macOS-latest)	UNKNOWN STEP	2026-09-03T20:21:16.7876580Z 
test (pypy3.11-v7.3.22, macOS-latest)	UNKNOWN STEP	2026-09-03T20:21:16.7877190Z ../../../hostedtoolcache/PyPy/3.11.15/arm64/lib/pypy3.11/unittest/case.py:57: 
test (pypy3.11-v7.3.22, macOS-latest)	UNKNOWN STEP	2026-09-03T20:21:16.7878440Z _ _ _ _ _ _ _ _ _ _ _ _ _ _ _ _ _ _ _ _ _ _ _ _ _ _ _ _ _ _ _ _ _ _ _ _ _ _ _ _ 
test (pypy3.11-v7.3.22, macOS-latest)	UNKNOWN STEP	2026-09-03T20:21:16.7879560Z ../../../hostedtoolcache/PyPy/3.11.15/arm64/lib/pypy3.11/unittest/case.py:623: in run
test (pypy3.11-v7.3.22, macOS-latest)	UNKNOWN STEP	2026-09-03T20:21:16.7881910Z     self._callTestMethod(testMethod)
test (pypy3.11-v7.3.22, macOS-latest)	UNKNOWN STEP	2026-09-03T20:21:16.7882390Z          ^^^^^^^^^^^^^^^
test (pypy3.11-v7.3.22, macOS-latest)	UNKNOWN STEP	2026-09-03T20:21:16.7882930Z _ _ _ _ _ _ _ _ _ _ _ _ _ _ _ _ _ _ _ _ _ _ _ _ _ _ _ _ _ _ _ _ _ _ _ _ _ _ _ _ 
test (pypy3.11-v7.3.22, macOS-latest)	UNKNOWN STEP	2026-09-03T20:21:16.7883330Z 
test (pypy3.11-v7.3.22, macOS-latest)	UNKNOWN STEP	2026-09-03T20:21:16.7904740Z            ^^^^^^^^
test (pypy3.11-v7.3.22, macOS-latest)	UNKNOWN STEP	2026-09-03T20:21:16.7906140Z E       TypeError: BlackTestCase.test_is_filesystem_root() missing 1 required positional argument: 'tmp_path'
test (pypy3.11-v7.3.22, macOS-latest)	UNKNOWN STEP	2026-09-03T20:21:16.7907550Z 
test (pypy3.11-v7.3.22, macOS-latest)	UNKNOWN STEP	2026-09-03T20:21:16.7908110Z ../../../hostedtoolcache/PyPy/3.11.15/arm64/lib/pypy3.11/unittest/case.py:579: TypeError
test (pypy3.11-v7.3.22, macOS-latest)	UNKNOWN STEP	2026-09-03T20:21:16.7909960Z =========================== short test summary info ============================
test (pypy3.11-v7.3.22, macOS-latest)	UNKNOWN STEP	2026-09-03T20:21:16.7912000Z FAILED tests/test_black.py::BlackTestCase::test_is_filesystem_root - TypeErro...
test (pypy3.11-v7.3.22, macOS-latest)	UNKNOWN STEP	2026-09-03T20:21:16.7913390Z ============= 1 failed, 482 passed, 2 skipped in 60.65s (0:01:00) ==============
test (pypy3.11-v7.3.22, macOS-latest)	UNKNOWN STEP	2026-09-03T20:21:16.7915030Z ci-pypy3: exit 1 (61.79 seconds) /Users/runner/work/black/black> pytest tests --run-optional no_jupyter --numprocesses auto pid=1880
test (pypy3.11-v7.3.22, macOS-latest)	UNKNOWN STEP	2026-09-03T20:21:16.7916730Z   ci-pypy3: FAIL code 1 (82.47=setup[5.30]+cmd[15.37,61.79] seconds)
test (pypy3.11-v7.3.22, macOS-latest)	UNKNOWN STEP	2026-09-03T20:21:16.7917690Z   evaluation failed :( (82.55 seconds)
test (pypy3.11-v7.3.22, macOS-latest)	UNKNOWN STEP	2026-09-03T20:21:16.8006270Z ##[error]Process completed with exit code 1.
test (pypy3.11-v7.3.22, macOS-latest)	UNKNOWN STEP	2026-09-03T20:21:16.8379920Z Post job cleanup.
test (pypy3.11-v7.3.22, macOS-latest)	UNKNOWN STEP	2026-09-03T20:21:17.3126670Z [command]/opt/homebrew/bin/git version
test (pypy3.11-v7.3.22, macOS-latest)	UNKNOWN STEP	2026-09-03T20:21:17.3483270Z git version 2.55.0
test (pypy3.11-v7.3.22, macOS-latest)	UNKNOWN STEP	2026-09-03T20:21:17.3508550Z Copying '/Users/runner/.gitconfig' to '/Users/runner/work/_temp/2bea7411-8869-4b96-b1cb-837265fb2527/.gitconfig'
